Angle,Distance,Outer Left,Left,Centre,Right,Outer Right,Bump Left,Bump Right
0,10,21312,3368,2960,3316,20552,1044,760
0,10,21304,3368,2964,3316,20608,1044,752
0,10,21352,3364,2960,3312,20600,1044,752
0,10,21308,3372,2964,3320,20600,1044,760
0,10,21308,3364,2964,3312,20548,1044,760
0,10,21256,3368,2960,3316,20552,1048,756
0,10,21256,3364,2964,3312,20548,1044,756
0,10,21248,3364,2964,3312,20600,1048,756
0,10,21248,3364,2956,3312,20552,1044,752
0,10,21308,3360,2960,3360,20496,1044,748
0,10,21248,3416,2964,3316,20548,1048,756
0,10,21304,3368,2956,3260,20552,1092,752
0,10,21300,3364,2956,3308,20548,1092,748
0,10,21304,3372,2964,3312,20504,1044,756
0,10,21308,3364,2964,3312,20496,1048,756
0,10,21360,3372,2956,3316,20548,1044,756
0,10,21256,3372,2964,3268,20504,1044,752
0,10,21300,3364,2960,3260,20548,1044,748
0,10,21248,3364,2956,3312,20496,1044,752
0,10,21264,3324,2912,3272,20504,1044,756
0,10,21348,3364,2960,3312,20920,1048,756
0,10,21308,3364,2960,3312,20496,1044,752
0,10,21672,3364,2956,3312,20920,1048,748
0,10,21304,3364,2964,3312,20504,1044,756
0,10,21308,3364,2964,3312,20496,1044,760
0,10,21300,3364,2960,3312,20496,1044,752
0,10,21308,3364,3012,3260,20496,1044,752
0,10,21308,3364,2964,3312,20500,1044,760
0,10,21264,3372,2964,3268,20504,1048,760
0,10,21308,3372,2964,3268,20504,1048,752
0,11,29664,5684,5232,5896,31228,1792,1452
0,11,29716,5684,5228,6048,31276,1788,1452
0,11,29712,5728,5228,5880,31384,1784,1452
0,11,29716,5732,5236,5892,31280,1796,1456
0,11,29668,5736,5232,5896,31224,1796,1452
0,11,29664,5728,5232,5896,31280,1792,1452
0,11,29720,5736,5232,5888,31332,1792,1456
0,11,29720,5692,5236,5896,31448,1796,1464
0,11,29768,5732,5232,5892,31440,1792,1456
0,11,29772,5740,5236,5896,31396,1796,1456
0,11,29708,5832,5232,5936,31432,1784,1548
0,11,29720,5740,5228,5892,31392,1796,1456
0,11,29768,5732,5236,5892,31388,1796,1456
0,11,29720,5692,5232,5896,31396,1796,1464
0,11,29720,5740,5228,5892,31388,1796,1452
0,11,29664,5732,5236,5892,31388,1796,1456
0,11,29724,5692,5232,5896,31504,1800,1460
0,11,29716,5736,5236,6048,31440,1792,1460
0,11,29768,5732,5236,5892,31392,1796,1456
0,11,29720,5740,5236,5896,31396,1796,1464
0,11,29716,5732,5232,5896,31552,1792,1452
0,11,29816,5736,5232,5896,31492,1792,1456
0,11,29716,5732,5228,5892,31384,1796,1452
0,11,29764,5728,5228,5884,31116,1784,1452
0,11,29720,5736,5232,5888,31064,1792,1452
0,11,29720,5692,5232,5896,31172,1796,1452
0,11,29764,5832,5228,5892,31172,1788,1452
0,11,29776,5696,5188,5900,31132,1800,1464
0,11,29772,5740,5232,5896,31228,1796,1460
0,11,29712,5740,5232,5896,31176,1796,1460
0,12,41188,9516,8968,9988,43784,2784,2344
0,12,41192,9520,9016,10036,43832,2780,2300
0,12,41192,9476,8972,9992,43840,2784,2296
0,12,41180,9512,9012,10032,43772,2772,2432
0,12,41192,9468,8968,9992,43780,2776,2296
0,12,41132,9464,9008,10032,43828,2776,2340
0,12,41196,9480,9020,10040,43780,2784,2304
0,12,41244,9468,8964,9984,43824,2916,2300
0,12,41236,9468,9268,10028,43936,2776,2300
0,12,41240,9468,8968,10040,43780,2780,2340
0,12,41188,9472,9016,10040,43724,2780,2300
0,12,41136,9472,9016,10040,43624,2780,2344
0,12,41188,9472,9020,10040,43728,2784,2300
0,12,41184,9516,9016,10036,43780,2780,2340
0,12,41184,9520,9016,10036,43724,2780,2292
0,12,41292,9516,9020,10040,43668,2776,2296
0,12,41236,9516,9016,10036,43712,2768,2344
0,12,41240,9468,9016,9988,43728,2780,2300
0,12,42028,9520,9008,10028,43860,2772,2300
0,12,41388,9516,9012,10292,43868,2776,2340
0,12,41296,9476,9016,10036,43776,2780,2300
0,12,41292,9520,9016,10036,43776,2780,2344
0,12,41296,9524,9016,10036,43884,2780,2300
0,12,41336,9816,9012,10024,43928,2772,2296
0,12,41300,9464,8968,9988,43888,2776,2292
0,12,41184,9516,9016,10036,43780,2780,2344
0,12,41144,9472,9016,10040,43724,2776,2300
0,12,41184,9512,9016,10036,43884,2772,2340
0,12,41192,9472,8968,10040,43992,2776,2300
0,12,41196,9480,9020,10040,43996,2784,2304
0,13,56484,15440,14940,16216,56704,4228,3560
0,13,56436,15448,14892,16220,56600,4232,3564
0,13,56428,15440,14984,16216,56648,4228,3552
0,13,56436,15444,14936,16268,56648,4228,3560
0,13,56488,15444,14936,16220,56488,4236,3560
0,13,56380,15436,14940,16264,56220,4228,3560
0,13,56336,15396,14884,16212,56216,4236,3560
0,13,56280,15452,14892,16220,56388,4240,3564
0,13,56204,15440,14936,16624,57556,4228,3552
0,13,56124,15448,14892,16224,56124,4236,3520
0,13,56072,15448,14944,16224,55964,4236,3520
0,13,56012,15392,14888,16212,55956,4228,3560
0,13,56164,15392,14940,16624,56056,4228,3560
0,13,56180,15444,14892,16220,56016,4232,3516
0,13,56284,15388,14928,16204,55952,4424,3556
0,13,56176,15440,14940,16216,56012,4228,3512
0,13,56232,15396,14892,16224,56124,4240,3516
0,13,56224,15396,14892,16216,56224,4228,3516
0,13,56072,15448,14892,16224,56128,4236,3520
0,13,56064,15444,14940,16272,56064,4236,3560
0,13,56060,15444,14932,16208,57244,4228,3556
0,13,56120,15444,14936,16220,56232,4236,3560
0,13,56172,15440,14944,16268,56224,4232,3520
0,13,56164,15440,14932,16264,56164,4232,3696
0,13,56220,15440,14940,16216,56220,4228,3556
0,13,56212,15436,15280,16256,56320,4236,3560
0,13,56108,15440,14932,16260,56216,4228,3552
0,13,56004,15444,14932,16264,56064,4228,3556
0,13,56012,15388,14940,16216,56120,4228,3556
0,13,56004,15388,14888,16624,56060,4228,3552
0,14,71932,22100,21836,23588,69344,5736,4728
0,14,70740,22088,21840,23640,69496,5732,4724
0,14,70540,22092,21792,23596,69184,5732,4724
0,14,70432,22044,21796,23596,69084,5736,4728
0,14,70364,22040,21792,23592,69232,5732,4724
0,14,70368,22100,21796,23644,69448,5740,4732
0,14,70208,22044,21840,23592,69348,5736,4728
0,14,70152,22040,21740,23592,69232,5728,4724
0,14,70148,22092,21792,23636,69176,5728,4724
0,14,70100,22052,21792,23592,69400,5736,4728
0,14,70344,22084,21828,23580,69644,5972,4716
0,14,70360,22092,21788,23632,69336,5976,4724
0,14,70460,22648,21840,23580,69380,5732,4724
0,14,70532,22092,21792,23592,69340,5732,4724
0,14,71764,22100,21836,23588,69448,5736,4728
0,14,70640,22092,21844,23592,69396,5732,4728
0,14,70476,22048,21848,23592,69184,5736,4728
0,14,70376,22100,21796,23596,69032,5736,4728
0,14,70532,22048,21784,23588,69188,5732,4724
0,14,70364,22096,21840,23588,69288,5736,4728
0,14,70316,22092,21792,23540,69184,5732,4724
0,14,70156,22048,21796,23592,69240,5736,4728
0,14,70148,22040,21836,23580,69336,5972,4724
0,14,70252,22044,21792,23644,69608,5728,4724
0,14,70252,22040,21840,23588,69448,5728,4720
0,14,70260,22040,21840,23592,69288,5732,4724
0,14,70108,22052,21800,23596,69084,5740,4732
0,14,70104,22044,21792,23536,69240,5732,4724
0,14,70092,22032,21784,23584,69172,6016,4724
0,14,70000,22048,21792,23592,68920,5736,4728
0,15,84268,29492,29092,31096,77372,7332,6036
0,15,84520,29476,29176,31128,77560,7368,6360
0,15,84696,29484,29132,31136,77256,7376,6080
0,15,84700,29536,29128,31080,76884,7376,6080
0,15,84348,29492,29088,31036,76260,7380,6084
0,15,84132,29436,29028,30980,76260,7372,6032
0,15,84372,29492,29088,31140,77472,7332,6032
0,15,84112,29540,29088,31088,76940,7328,6084
0,15,84112,29492,29088,31040,77004,7328,6036
0,15,84256,29436,29040,31964,77088,7332,6040
0,15,84312,29536,29132,31184,77676,7336,6080
0,15,84684,29536,29128,31180,77836,7376,6084
0,15,86036,29532,29184,31136,77672,7332,6080
0,15,84644,29492,29132,31136,77356,7328,6036
0,15,84640,29480,29080,31132,77304,7372,6076
0,15,84688,29536,29180,31128,77520,7328,6080
0,15,84852,29588,29136,31136,77412,7380,6036
0,15,84644,29532,29180,31084,76988,7324,6080
0,15,84496,29488,29084,31032,76788,7328,6036
0,15,86000,29488,29080,31136,76992,7376,6036
0,15,84540,29484,29136,31132,77312,7328,6084
0,15,84424,29484,29128,31132,77148,7376,6036
0,15,84272,29436,29132,31084,77048,7328,6036
0,15,84228,29488,29088,31040,77056,7336,6036
0,15,84488,29488,29040,31092,77160,7332,6036
0,15,84796,29472,29120,31124,77088,7316,6356
0,15,84608,29492,29132,31084,76732,7332,6084
0,15,84928,29484,29136,31088,76732,7332,6036
0,15,85072,29484,29128,31132,77308,7332,6036
0,15,85392,29588,29184,31136,77728,7340,6084
0,16,100608,39432,38028,40412,86428,9540,7668
0,16,100880,38576,38120,40532,86968,9540,7672
0,16,100936,38624,38120,40476,89132,9488,7664
0,16,100956,38608,38208,40672,87376,9528,8084
0,16,100656,38724,38216,40580,86856,9540,7672
0,16,100132,38564,38116,40524,86280,9532,7668
0,16,99920,38572,38068,40532,86340,9540,7668
0,16,100292,38572,38068,40532,86864,9540,7668
0,16,100580,38672,38220,40684,87752,9544,7672
0,16,100836,38820,38324,40780,88280,9544,7672
0,16,100836,38772,38360,40832,88004,9536,7668
0,16,101124,38852,39364,40908,88400,9540,7716
0,16,101300,38868,38364,40828,88796,9592,7720
0,16,101144,38816,38412,40880,88416,9584,7720
0,16,101248,38852,38404,40812,88152,9528,8040
0,16,101036,38812,38408,40872,88208,9532,7712
0,16,101080,38852,38396,40864,88460,9572,8044
0,16,101296,38916,38416,40876,88892,9544,7720
0,16,101508,38916,38404,40876,88724,9580,7708
0,16,101524,38868,38420,40880,88372,9540,7720
0,16,101564,38848,38400,40860,88408,10012,7716
0,16,101520,38916,38412,40824,88476,9592,7720
0,16,101504,38964,38404,40924,88832,9580,7712
0,16,103120,38912,38460,40924,88940,9584,7712
0,16,101452,38916,38412,40872,88840,9580,7720
0,16,101876,38916,38460,40924,89052,9584,7712
0,16,101924,38964,38464,41024,89360,9584,7720
0,16,101948,38948,38544,41012,89712,10012,7712
0,16,102292,38972,38564,41032,89784,9544,7720
0,16,102504,38960,38564,41024,89728,9584,7720
0,17,111860,45876,45272,48140,93532,11092,8840
0,17,111700,45828,45216,48196,93260,11092,8792
0,17,111796,45876,45268,48244,93688,11092,8796
0,17,112272,45972,45376,48236,94096,11092,8840
0,17,112528,46020,45360,48232,94092,11136,8832
0,17,111896,45920,45312,48136,93676,11136,8840
0,17,111536,45828,45228,48196,93428,11092,8792
0,17,111876,45904,45256,48180,94028,11664,8832
0,17,111832,45860,45364,48240,93988,11140,8832
0,17,111004,45828,45276,48040,93380,11092,8792
0,17,111532,45824,45268,48192,93312,11092,8792
0,17,111784,45924,45316,48188,93776,11092,8784
0,17,111940,45920,45320,48236,94356,11136,8840
0,17,112092,45916,45368,48296,94416,11084,8788
0,17,112364,45972,45368,48340,94356,11088,8792
0,17,112120,46976,45412,48312,94276,11088,8828
0,17,112096,45972,45360,48236,94512,11088,8792
0,17,112460,46020,45360,48388,94560,11136,8840
0,17,112000,45872,45372,48240,94100,11088,8792
0,17,111580,45876,45316,48092,93680,11092,8796
0,17,111784,45872,45360,48240,93888,11088,8792
0,17,111852,47028,45360,48264,94328,11088,8828
0,17,112092,45968,45408,48236,94248,11136,8828
0,17,112116,45872,45364,48136,93892,11092,8840
0,17,112376,45872,45364,48240,94048,11092,8792
0,17,112748,45924,45424,48300,94528,11092,8796
0,17,112936,46016,45520,48384,94880,11088,8840
0,17,112892,46020,45408,48384,94556,11088,8832
0,17,112852,46016,45468,48236,94356,11088,8840
0,17,112684,45968,45360,48336,94404,11136,8832
0,18,120900,52292,51588,54876,97936,12500,9820
0,18,120752,52244,51484,54928,97564,12496,9820
0,18,120536,52248,51544,54924,97676,12504,9816
0,18,120788,52244,51596,55028,98196,12496,9820
0,18,120940,52292,51688,55076,98244,12496,9820
0,18,122676,52244,51592,55032,98096,12504,9816
0,18,120832,52292,51692,55024,98296,12496,9820
0,18,121036,52340,51688,55076,98612,12496,9820
0,18,120888,52292,51584,54972,98404,12496,9808
0,18,120892,52300,51688,55020,98200,12504,9816
0,18,121048,52348,51588,55028,98252,12500,9820
0,18,121196,52440,51684,55076,98712,12500,9812
0,18,121664,52388,51740,55176,99240,12496,9820
0,18,121612,52444,51792,55232,99348,12504,9820
0,18,121196,52344,51744,55128,98932,12504,9824
0,18,120900,52388,51784,55172,99500,12496,9816
0,18,120848,52444,51792,55280,99604,12504,9820
0,18,121016,52400,51792,55276,99508,12508,9820
0,18,121500,52388,51784,55276,99340,12496,9820
0,18,121812,52492,51888,55272,99708,12504,9816
0,18,122064,52544,51888,55372,100232,12500,9824
0,18,122220,52540,51836,55424,100336,12500,9816
0,18,121700,52492,51784,55272,99968,12504,9816
0,18,121280,52340,51736,55228,99500,12496,9820
0,18,120376,52292,51688,55180,99296,12496,9820
0,18,119892,52292,51684,55124,99296,12500,9816
0,18,119956,52248,51640,55136,98928,12452,9812
0,18,119916,52200,51596,55032,98680,12456,9772
0,18,120228,52240,51680,55076,100924,12496,9808
0,18,121116,52280,51676,55108,99336,13072,9816
0,19,130360,57752,56896,60952,104644,13584,10612
0,19,130500,57748,56988,61040,105156,13584,10656
0,19,130864,57852,57044,61096,105692,13636,10616
0,19,131140,57800,57040,61152,105476,13636,10664
0,19,130920,57780,57020,61076,104724,13612,11164
0,19,130824,57848,57040,61040,105052,13624,10656
0,19,131328,57900,57140,61296,105944,13632,10660
0,19,131760,59448,57236,61408,106312,13676,10660
0,19,131440,57996,57188,61292,106148,13636,10664
0,19,131120,57948,57188,61240,108312,13632,10660
0,19,131156,57944,57188,61340,106512,13636,10664
0,19,133368,57940,57184,61340,106140,13672,10652
0,19,131480,57996,57236,61340,106352,13632,10660
0,19,131944,58092,57284,61488,106932,13672,10660
0,19,132408,58136,57384,61640,107340,13680,10660
0,19,132420,58192,57384,61488,107140,13676,10656
0,19,132264,58140,57380,61484,106760,13624,10652
0,19,132208,58144,57340,61544,107140,13632,10664
0,19,132444,58236,57476,61632,110184,13672,10652
0,19,132072,58136,57428,61640,107916,13628,10704
0,19,131416,58124,57416,61624,107484,14204,10652
0,19,131800,58188,57440,61696,108076,13636,10664
0,19,132040,58232,57528,61788,108752,13676,10656
0,19,131680,58244,57436,61744,108396,13680,10660
0,19,131504,58156,57452,61560,107888,14632,10652
0,19,131052,58188,57436,61592,107708,13628,10656
0,19,133528,58180,57384,61588,107864,13676,10656
0,19,130912,58040,57332,61544,107188,13628,10656
0,19,130336,58036,57284,61496,106612,13628,10656
0,19,130300,57944,57184,61452,106304,13584,10612
0,20,137572,62612,61704,66428,109596,14612,11356
0,20,138300,62520,61564,66336,109188,14616,11360
0,20,138516,64080,61660,66344,109564,14664,11360
0,20,139344,62668,61764,66484,110236,14616,11360
0,20,141564,64120,61752,66492,110136,14612,11404
0,20,138436,62620,61664,66380,109864,14620,11356
0,20,138332,62676,61620,66384,109976,14624,11360
0,20,138220,62668,61660,66384,110076,14616,11360
0,20,137812,62472,61516,66280,109188,14616,11360
0,20,138716,62504,61596,66268,109280,14600,11872
0,20,138968,62668,61708,66376,109964,14616,11356
0,20,139428,62764,61808,66576,110912,14616,11360
0,20,139368,62816,61860,66632,110956,14568,11356
0,20,139160,62816,61808,66528,110856,14620,11360
0,20,138792,62664,61808,66428,110544,14568,11356
0,20,138836,62712,61752,66476,110592,14564,11356
0,20,139168,62772,61812,66480,110380,14576,11356
0,20,139180,62712,61808,66476,110072,14612,11356
0,20,139600,62820,61764,66524,110536,14624,11356
0,20,139700,62760,61852,66528,110592,14616,11360
0,20,139604,62816,61808,66428,110272,14616,11356
0,20,140224,62864,61908,66672,110944,14612,11356
0,20,140912,64620,62048,66680,111696,14664,11356
0,20,140796,62960,61952,66672,114056,14664,11356
0,20,140116,62864,61804,66576,111004,14616,11356
0,20,139928,62480,61520,66284,111140,14476,11216
0,20,142012,62284,61376,66152,110788,14380,11172
0,20,139584,62340,61380,66144,110584,14384,11172
0,20,139584,62384,61376,66144,110424,14432,11220
0,20,140064,62452,63064,66308,110904,14432,11220
0,21,117240,56552,57408,61996,102736,13632,10660
0,21,119404,56456,57364,62044,102532,13584,10612
0,21,117356,56556,57456,61992,102420,13588,10660
0,21,117732,56552,57404,62040,104792,13632,10660
0,21,118284,56748,57600,62240,103460,13628,10664
0,21,118468,56828,57680,62324,103860,13660,11172
0,21,118712,56844,57652,64092,103936,13632,10660
0,21,119332,56848,57756,62492,104500,13628,10664
0,21,119372,56936,57892,64076,104924,13672,10700
0,21,119460,56936,57844,62636,104856,13676,10704
0,21,119472,56936,57788,62532,104808,13620,10696
0,21,119420,56936,57796,62540,104756,13628,10656
0,21,119364,56936,57844,62532,104592,13624,10696
0,21,119692,56988,57796,62484,104648,13672,10708
0,21,120056,57040,57948,62532,104912,13680,10664
0,21,119848,57044,57892,62532,104752,13676,10704
0,21,119956,57032,57836,62480,104800,13672,10700
0,21,119952,57040,57848,62580,104804,13672,10704
0,21,120184,56936,57792,64280,104656,13668,10696
0,21,120440,57088,57844,62532,104756,13680,10708
0,21,121112,57136,57988,62628,105484,13676,10704
0,21,122456,57380,58184,63028,107308,13724,10752
0,21,123628,57664,58524,63368,108804,13760,10788
0,21,123632,57576,58424,63420,108916,13820,10800
0,21,123592,57576,58376,63272,108548,13776,10804
0,21,123376,57472,58328,63272,110924,13816,10796
0,21,121428,57132,57840,62628,106328,13728,10752
0,21,119720,56844,57552,62232,104140,13680,10708
0,21,119996,56840,57600,62236,103928,13680,10660
0,21,122344,57180,57884,62628,105900,13720,10748
0,22,122552,58536,59344,64444,107508,14148,11036
0,22,120932,58244,60712,64108,106700,14140,11072
0,22,118324,57660,58668,63664,106832,14052,10988
0,22,119364,57908,59016,64116,107020,14052,10988
0,22,120280,58252,59156,64208,106688,14100,11036
0,22,122440,58688,59596,64696,106860,14092,11080
0,22,123244,58888,59692,64740,107016,14100,11032
0,22,124032,59084,59888,64888,107056,14104,11032
0,22,124456,59084,59936,64988,107468,14104,11084
0,22,124088,58976,59836,64884,107156,14096,11032
0,22,123736,58984,59688,64684,106536,14100,11032
0,22,122864,58684,59492,64492,105288,14100,10988
0,22,122300,58636,59396,64344,104664,14056,10984
0,22,121876,58524,59324,64172,103548,14668,10980
0,22,120976,58352,59100,63944,104588,14000,10936
0,22,120752,58400,59212,63992,102528,14008,10892
0,22,120812,58400,59156,63996,102368,14008,10896
0,22,120732,58300,59160,65492,101976,13912,10840
0,22,120408,58304,59012,63804,101752,13912,10844
0,22,120768,58400,59104,63844,102112,13952,10888
0,22,109180,56928,57836,62376,97212,13864,10844
0,22,121236,58448,59148,64044,102264,13956,10888
0,22,121508,58544,59200,63940,102312,13960,10892
0,22,121708,58592,59300,64044,102620,13960,10896
0,22,121484,58572,59176,63868,102080,14668,10932
0,22,120980,58548,59152,63796,101956,13960,10848
0,22,120572,58400,59104,63744,101268,13956,10844
0,22,120684,58548,59152,63840,100944,13952,10888
0,22,122628,58884,59488,64436,105968,14048,10980
0,22,122688,60276,59664,64600,106088,14100,11032
0,23,165984,67668,65908,70656,110396,15128,11728
0,23,166052,67520,65860,70460,110256,15088,11728
0,23,166748,67628,65868,70512,110520,15088,11688
0,23,169164,67720,65960,70608,110512,15084,11680
0,23,166256,67732,65964,70612,110676,15088,11692
0,23,165352,67628,65864,70516,110096,15096,11684
0,23,165320,67532,65716,70316,109632,15088,11684
0,23,164920,67280,65616,70168,108860,15040,11684
0,23,164644,67328,65668,70216,108796,15040,11684
0,23,164024,67280,65520,70064,108336,15036,11680
0,23,163072,67032,65376,69920,107976,14988,11632
0,23,161580,66980,65276,69716,107564,14996,11632
0,23,159904,66648,65088,69528,108904,14952,11596
0,23,159964,66704,65040,69484,106648,14904,11600
0,23,160084,66796,65136,69684,107736,14952,11592
0,23,159140,66704,65140,69584,107064,14904,11600
0,23,158556,66408,64792,69184,105560,14852,11500
0,23,158132,66216,64556,68792,103848,14812,11456
0,23,158280,66216,64448,70184,102916,14804,11448
0,23,158748,66268,64504,68536,102952,14808,11500
0,23,159424,66456,64600,68628,103468,14900,11500
0,23,159896,66564,66412,68888,104096,14904,11548
0,23,158992,66464,64648,68784,103464,14856,11504
0,23,159624,66460,64696,68828,103928,14896,11548
0,23,161596,66804,66652,69436,106016,14944,11588
0,23,161200,66896,65136,69472,106264,14952,11588
0,23,162648,67092,65424,69876,107716,14948,11592
0,23,163372,67432,65872,70524,110112,14996,11692
0,23,162040,68936,65712,70484,109964,15044,11680
0,23,161688,67324,65768,70516,110416,15036,11684
0,24,169412,69284,67620,72784,114480,15420,11920
0,24,169540,69184,67516,72680,113844,15364,11916
0,24,169988,69184,67424,72484,113492,15420,11916
0,24,174540,69284,67524,72684,114428,15420,11916
0,24,172300,69376,67712,72776,114888,15460,11968
0,24,170368,69228,67420,72424,113168,15416,11916
0,24,169476,69084,67272,72224,112660,15420,11920
0,24,169492,69148,67184,72140,112508,15372,11924
0,24,169076,68992,67084,71976,111880,15372,11920
0,24,166716,68496,66840,71588,110540,15324,11824
0,24,163876,68256,66448,73100,109100,15224,11824
0,24,161100,67672,66012,70612,107188,15184,11740
0,24,158676,67380,65716,70208,105944,15132,11684
0,24,156616,67080,65416,69860,104860,15084,11680
0,24,154900,66744,65076,69476,103420,15036,11636
0,24,153504,66432,64668,68800,101588,15612,11584
0,24,151500,65956,64340,70332,99856,14944,11540
0,24,150112,65768,64156,68292,99812,14900,11500
0,24,150564,65912,64244,68480,100428,14944,11492
0,24,150684,65764,64308,68548,100332,14952,11500
0,24,149800,65668,64108,68244,99448,14896,11452
0,24,148420,65524,64068,68104,99200,14908,11456
0,24,147876,65572,64012,68148,99248,14908,11460
0,24,148052,65520,63956,67940,98776,14904,11452
0,24,148352,65480,63820,67804,98156,14860,11416
0,24,149920,65676,63860,67788,97356,14860,11400
0,24,151116,65832,63916,67736,96936,14860,11408
0,24,151956,66020,64004,67824,97132,14900,11452
0,24,154044,66312,64448,68476,98892,14952,11500
0,24,155440,66972,65212,69552,102392,15024,12108
0,25,171188,70980,69268,74848,117220,15792,12200
0,25,171204,70884,69120,74596,117076,15740,12152
0,25,174320,70788,69024,74496,115664,15744,12204
0,25,169848,70552,68688,73948,114484,15704,12152
0,25,169080,72060,68532,73708,116296,15696,12104
0,25,168548,70360,68492,73756,113292,15652,12108
0,25,167992,70104,68296,73512,112140,15652,12108
0,25,166268,69920,68056,73220,111224,15608,12012
0,25,164388,69620,67756,72712,109556,15608,12012
0,25,162028,69232,67368,72220,107960,15508,11968
0,25,162100,69136,67224,72076,107764,15516,11968
0,25,160940,68972,67056,71860,106428,16180,11916
0,25,161700,68548,66584,71224,103852,15416,11864
0,25,157272,68304,66344,70784,102880,15324,11824
0,25,158344,68448,66688,71336,104596,15368,11828
0,25,158632,68696,66784,71532,105532,15416,11868
0,25,160788,69036,67372,72332,108332,15468,11924
0,25,162648,69716,67960,73224,111432,15552,12012
0,25,165848,69812,68152,73520,112160,15608,12016
0,25,162668,69668,67908,73072,110916,15564,12012
0,25,161904,69420,67656,72716,109880,15556,12012
0,25,160128,69128,67364,72320,108488,15516,11964
0,25,157152,68592,66832,71584,106476,15416,11916
0,25,156468,68492,66728,71484,105960,15416,11872
0,25,154764,68300,66640,71288,105764,15420,11876
0,25,153452,68004,66388,71144,104616,15320,11824
0,25,153888,67912,66104,70640,103324,15324,11776
0,25,155620,68108,66448,71096,104468,15380,11828
0,25,156188,68300,66540,71180,104760,15416,11820
0,25,156924,68400,66640,71388,105280,15368,11876
0,26,161680,70780,68816,73668,107768,16072,12388
0,26,162700,71024,69164,74120,109060,16128,12436
0,26,162784,71220,69360,74208,109680,16172,12436
0,26,162452,71112,69300,74356,109672,16168,12428
0,26,162600,71116,69348,74460,110096,16168,12476
0,26,162888,71416,69548,74608,110972,16168,12480
0,26,162852,71216,69452,74612,110612,16172,12476
0,26,163360,71360,69596,74812,111496,16168,12476
0,26,163800,71656,69892,75152,112364,16216,12528
0,26,165416,71836,70024,75340,113392,16248,13088
0,26,167156,72144,70288,75752,114968,16268,12580
0,26,167900,72336,70668,76196,116260,16360,12624
0,26,167468,72228,70568,76248,116096,16308,12612
0,26,167048,72236,70620,76144,116100,16308,12616
0,26,168244,72380,70716,76392,119620,16356,12616
0,26,168852,74184,70764,76404,117148,16356,12660
0,26,168316,72432,70672,76244,116780,16360,12620
0,26,167152,72140,70276,75648,115016,16312,12572
0,26,166600,71944,70080,75448,113712,16260,12568
0,26,165504,71800,69888,75104,113000,16264,12524
0,26,164952,71560,69696,74852,112076,16220,12528
0,26,164644,71460,69596,74704,111916,16220,12528
0,26,164764,71504,69740,75108,113008,16216,12524
0,26,164672,71600,69940,75316,114156,16268,12532
0,26,164448,71496,69936,75416,114420,16264,12568
0,26,163208,71444,69788,75260,114528,16264,12528
0,26,161736,71148,69692,75168,113756,16216,12520
0,26,160164,70856,69400,74772,115148,16168,12476
0,26,159260,70664,69208,76132,111496,16172,12432
0,26,158492,70376,68816,73984,110352,16076,12432
0,27,162620,72244,70584,76416,116688,16124,12476
0,27,162092,72092,70576,76368,116476,16172,12476
0,27,165948,72192,70628,76568,116948,16172,12484
0,27,164292,72488,70928,76812,118144,16176,12536
0,27,163736,72532,70916,76960,118236,16216,12524
0,27,164100,72336,70784,76768,117304,16172,12536
0,27,165436,72576,71016,77060,121176,16256,12576
0,27,165368,72484,70820,76812,117712,16212,12572
0,27,166164,72580,70916,76804,117916,16260,12572
0,27,167404,72724,71160,77256,119212,16264,12572
0,27,168288,72916,71352,77444,119936,16308,12612
0,27,170240,73268,71604,77748,121448,16360,12624
0,27,174972,73412,73612,78100,123064,16404,12660
0,27,172232,73592,72040,78336,126512,16448,12712
0,27,172896,73660,71892,78236,123516,16400,12712
0,27,170568,73456,71696,77996,122692,16448,12720
0,27,170736,73404,71744,77888,122428,16400,12716
0,27,170584,73496,71936,78240,123252,16352,12704
0,27,170632,73504,71944,78248,123784,16404,12716
0,27,172912,73648,72192,78596,124612,16452,12764
0,27,172712,73604,72136,78544,124032,16400,12712
0,27,172872,73504,71948,78248,122624,16400,12712
0,27,172640,73408,71648,77840,121748,16400,12668
0,27,173184,75220,71796,77900,121756,16408,12712
0,27,171224,73108,71556,77544,120612,16356,12664
0,27,174448,73064,71400,77184,119404,16356,12660
0,27,169116,72624,71060,76848,118116,16312,12620
0,27,168208,72628,70964,76748,118016,16308,12572
0,27,167552,72436,70772,76560,117084,16260,12572
0,27,168504,72724,71120,77164,118848,16312,12580
0,28,170516,73700,72036,78228,121240,16500,12760
0,28,170640,73600,72036,78232,120824,16500,12760
0,28,171412,73740,72188,78484,121808,16496,12760
0,28,173368,74040,72376,78676,122532,16596,12808
0,28,174024,73984,72420,80624,122372,16588,12848
0,28,174112,74140,72428,78572,122740,16592,12808
0,28,174652,74096,74248,78724,122952,16588,12852
0,28,175176,74188,72524,78716,123100,16588,12812
0,28,174756,74084,72420,78612,125056,16588,12844
0,28,172816,73644,71892,77764,120152,16544,12804
0,28,173256,73704,71936,77824,120040,16548,12760
0,28,174416,73904,72040,78024,120508,16552,12812
0,28,174576,73996,72080,78116,120288,16592,12812
0,28,174016,73700,71936,77872,119412,16544,12756
0,28,173452,73700,71936,77924,122672,16496,12804
0,28,173280,73800,72140,78180,120664,16496,12764
0,28,172028,73604,71944,77824,119468,16452,12764
0,28,170148,73296,71532,77420,117528,16388,13272
0,28,168588,73068,71300,76984,116728,16356,12668
0,28,168312,72964,71300,77188,116672,16404,12712
0,28,168740,73120,71360,77136,116876,16408,12672
0,28,169460,73016,71200,77036,116092,16400,12664
0,28,169636,73128,71264,76880,115996,16360,12624
0,28,168536,72824,71168,76740,115328,16360,12628
0,28,168352,72728,70968,76440,114704,16312,12624
0,28,168880,72920,71160,76832,116108,16356,12668
0,28,170204,73116,71348,77132,116400,16404,12668
0,28,170444,73216,71252,76928,115724,16408,12664
0,28,173384,73164,71348,77080,116348,16404,12668
0,28,170024,73216,71452,77176,116916,16400,12712
0,29,180084,76128,74364,83288,126988,17012,13128
0,29,179532,76092,74232,80780,126376,16972,13088
0,29,178436,75892,74028,80420,125068,16964,13080
0,29,177652,75556,73692,80088,123312,16876,13040
0,29,181244,75356,73392,79688,122748,16824,12944
0,29,177904,75312,73400,79636,122700,16780,12992
0,29,180300,75212,73296,79436,122184,16780,12944
0,29,176104,74968,73004,79040,120416,16772,12948
0,29,176488,75024,73008,79040,120632,16740,12904
0,29,177296,75168,73304,79388,121556,16780,12948
0,29,178416,75320,73356,79440,121976,16780,12904
0,29,179308,75416,73500,79740,122540,16828,12948
0,29,178912,75408,73592,79840,123004,16824,12948
0,29,179368,75556,73644,79996,124112,16832,12948
0,29,179860,75456,73592,79988,123736,16824,12996
0,29,178800,75364,73500,79792,123596,16828,12996
0,29,178424,75144,73328,79624,123008,16804,13548
0,29,181584,75208,73344,79432,122284,16824,12944
0,29,177360,75020,74968,79244,121832,16772,12948
0,29,174816,74676,72916,79000,121012,16788,12904
0,29,174480,74432,72672,78660,120036,16740,12856
0,29,174364,74428,72664,78700,120184,16728,12904
0,29,175452,74624,72716,78596,119496,16680,12896
0,29,176844,74884,72712,78740,119800,16732,12900
0,29,178532,75220,73256,79344,122300,16788,12952
0,29,180544,75628,73864,80168,125232,17592,13040
0,29,181040,75796,74036,80536,127024,16924,13040
0,29,179120,75592,73940,80492,126556,16924,13040
0,29,177828,75448,73788,80192,129420,16872,13036
0,29,177796,75244,73692,80192,126312,16820,13032
0,30,174292,75392,73736,80084,123784,16968,13088
0,30,174408,75108,73440,79844,122328,16924,13040
0,30,174432,75156,73396,79488,121496,16872,13044
0,30,175288,75208,73448,79640,121388,16876,13040
0,30,175844,75256,75356,79584,120804,16916,13036
0,30,176920,75356,73440,79580,120636,16920,13036
0,30,177284,75508,73544,79576,121064,16972,13044
0,30,178260,75752,73684,79976,122088,16972,13040
0,30,178908,75940,73976,80368,123168,16960,13124
0,30,179428,76044,74176,80520,123900,16968,13132
0,30,178888,76040,74124,80464,123956,16964,13136
0,30,178108,75940,73980,80220,123284,16964,13084
0,30,177852,75892,73880,80268,122864,16964,13084
0,30,179280,76088,74076,80420,123484,16964,13136
0,30,181436,76388,74276,80720,124784,17016,13136
0,30,183332,76632,74516,81068,125920,17064,13180
0,30,184196,76824,74760,81460,127156,17108,13228
0,30,185056,77012,75056,81756,128668,17156,13224
0,30,184428,76968,75004,81712,128252,17108,13232
0,30,186504,76824,74760,81404,127740,17104,13172
0,30,182304,76720,74756,81364,127480,17112,13228
0,30,182648,76700,74792,81544,127984,17872,13180
0,30,182364,76920,74904,81656,128888,17060,13224
0,30,182176,76944,74992,81792,129128,17140,13784
0,30,181140,76824,74908,81664,128412,17112,13228
0,30,179744,76368,74616,81216,127072,17056,13180
0,30,183140,76320,74560,81268,127232,17056,13180
0,30,181816,76672,74708,81312,128168,17064,13228
0,30,183300,76720,74856,81564,128636,17108,13228
0,30,183448,76768,74908,81512,129320,17156,13224
20,10,20568,3544,3092,3856,29624,1864,716
20,10,20520,3548,3088,3856,29572,1864,712
20,10,20564,3548,3088,3856,29464,1860,712
20,10,20516,3552,3092,3856,29412,1864,716
20,10,20508,3592,3088,3848,29452,1856,756
20,10,20508,3544,3136,3848,29352,1864,708
20,10,20508,3544,3088,3856,29300,1864,712
20,10,20508,3540,3092,3852,29296,1864,704
20,10,20508,3544,3088,3852,29352,1856,756
20,10,20508,3536,3088,3848,29400,1856,708
20,10,20560,3544,3092,3856,29460,1864,716
20,10,20512,3540,3092,3856,29352,1860,704
20,10,20508,3536,3088,3856,29352,1860,712
20,10,20560,3540,3088,3856,29460,1864,712
20,10,20516,3544,3088,3856,29412,1864,712
20,10,20508,3544,3088,3852,29516,1860,708
20,10,20464,3552,3092,3856,29468,1864,716
20,10,20460,3548,3088,3856,29572,1860,712
20,10,20512,3544,3088,3856,29624,1860,712
20,10,20512,3544,3088,3852,29624,1856,708
20,10,20452,3540,3088,3848,29564,1856,752
20,10,20464,3552,3092,3856,29576,1864,716
20,10,20452,3536,3088,3952,29504,1856,700
20,10,20456,3540,3088,3852,29456,1856,708
20,10,20508,3540,3088,3852,29512,1860,756
20,10,20516,3552,3092,3856,29468,1864,716
20,10,20564,3548,3088,3856,29572,1864,712
20,10,20560,3540,3088,3952,29556,1856,704
20,10,20560,3544,3088,3856,29620,1864,708
20,10,20980,3540,3088,3848,29720,1856,704
20,15,145228,52064,48416,49076,94232,13548,9860
20,15,144568,51932,48336,48844,93780,13568,9400
20,15,145972,52060,48416,49068,94440,14188,9444
20,15,146696,52128,48432,49036,94296,13564,9444
20,15,146660,52080,48380,48988,95768,13560,9440
20,15,146560,52084,48336,48888,93616,13564,9444
20,15,147668,52180,48432,49036,94452,13572,9444
20,15,148396,52324,48580,49084,94760,13564,9444
20,15,147736,52252,48432,50396,94368,13564,9444
20,15,147456,52176,48424,49036,94080,13564,9440
20,15,147860,52224,48524,49132,94700,13560,9440
20,15,148692,52424,48680,49332,95596,13612,9492
20,15,148372,52424,48624,49332,95484,13608,9488
20,15,148572,52472,48724,49332,95796,13612,9492
20,15,148596,52336,48716,50680,95920,13608,9488
20,15,148680,52364,48720,49432,95952,13612,9492
20,15,148900,52476,48728,49388,95852,13616,9496
20,15,148952,52424,48672,49284,95904,13612,9492
20,15,148532,52424,48628,49280,95644,13612,9488
20,15,148336,53604,48616,49228,95768,13604,9484
20,15,148068,52340,48672,50536,95824,13612,9492
20,15,147420,52340,49808,49212,95768,13604,9484
20,15,146832,52176,48484,49136,95296,13568,9448
20,15,147424,52228,48580,49188,95188,13568,9448
20,15,147892,52216,48576,49232,95496,13612,9492
20,15,148852,52416,48680,49376,95856,13616,9484
20,15,149264,52528,48676,49376,96216,13616,9492
20,15,149196,52464,48716,49424,96580,13656,9488
20,15,148880,52472,48728,49424,96484,13660,9492
20,15,148136,52372,48672,49384,96120,13612,9492
20,20,185068,78248,75988,81492,130572,18288,13832
20,20,185428,80160,76184,81648,131460,18336,13824
20,20,184816,78280,76016,81524,131076,19100,13824
20,20,182864,77908,75744,81100,129276,18296,13784
20,20,182092,77716,75604,81012,128560,18248,13792
20,20,181936,77668,77468,80968,128608,18244,13780
20,20,181244,77620,75504,80864,128304,18248,13736
20,20,180356,77516,75304,80608,127416,18192,13736
20,20,180012,77372,75108,82528,126644,18192,13692
20,20,180124,77184,75024,80124,125028,18156,13656
20,20,179256,77092,74724,79772,123784,18108,13648
20,20,182472,77084,74768,79756,124196,18148,13640
20,20,179344,77140,74772,79816,124460,18156,13648
20,20,179948,77236,75068,80116,125556,18156,13652
20,20,180760,77524,75260,80512,126796,18200,13688
20,20,181616,77768,75604,80808,128084,18196,13736
20,20,182496,77812,75744,81108,129076,18244,13788
20,20,183632,78108,75896,81460,130584,18296,13788
20,20,184352,78404,76340,82060,133084,18296,13840
20,20,185740,78640,76676,82508,134792,18340,13836
20,20,188172,78688,76624,82400,134424,18336,13832
20,20,184836,78548,76584,82356,134700,18336,13840
20,20,185688,78588,76576,82508,134636,18336,13884
20,20,184780,78452,76340,82052,133188,18296,13836
20,20,183648,78308,76192,81604,131728,18296,13792
20,20,184400,78256,76136,81704,131408,18244,13740
20,20,185420,78236,76120,81532,131028,18272,14392
20,20,188200,78648,76584,82256,133804,18344,13840
20,20,190720,78988,76872,82800,135196,18344,13884
20,20,189908,78836,76872,82696,135352,18384,13876
20,25,179760,78832,77376,83932,132380,18004,13836
20,25,182252,79124,77760,84272,132928,18056,13832
20,25,184284,79472,77904,84520,132852,18100,13880
20,25,185784,79668,78004,84560,132740,18144,13932
20,25,187596,80204,78396,85152,134012,18240,13976
20,25,188288,80448,78788,85496,135988,18232,14016
20,25,189688,80644,78980,85896,137344,18288,14076
20,25,190456,80836,79176,86196,138272,18336,14068
20,25,190980,80984,79224,86244,138528,18336,14068
20,25,190924,80984,79268,86440,138204,18328,14068
20,25,190460,80992,79228,86144,137952,18280,14068
20,25,191244,80984,79324,86344,138628,18336,14064
20,25,192396,81236,81540,86744,139348,18332,14072
20,25,192568,81376,79612,86884,140600,18376,14108
20,25,194252,81624,79860,87132,141576,18376,14112
20,25,194564,81612,79852,87132,141840,18424,14156
20,25,194660,81564,80008,87388,142148,18420,14204
20,25,194788,81660,80100,87584,143084,18428,14208
20,25,193856,81660,80100,87684,143768,18472,14208
20,25,193004,81568,80052,87648,143680,18428,14164
20,25,192060,81324,79904,87352,143108,18428,14160
20,25,192720,81416,79856,87236,142636,18428,14160
20,25,191972,81268,79804,87036,142536,18420,14160
20,25,190668,80940,81544,86796,141776,18376,14160
20,25,192732,81320,79760,86984,142704,18420,14160
20,25,193992,81564,79956,87392,143096,18428,14160
20,25,193572,81520,79952,87184,143004,18428,14160
20,25,193620,81372,79904,87348,143264,18476,14208
20,25,193448,81664,80208,87640,145096,18476,14212
20,25,193952,81736,80276,87816,145160,18452,14904
20,30,191548,75796,73788,81364,136128,15888,12292
20,30,189872,75456,73592,81064,134988,15844,12252
20,30,189068,75260,73296,80672,133372,15836,12196
20,30,189688,77072,75208,80572,132492,15836,12200
20,30,190848,75408,75156,80764,132840,15832,12196
20,30,191872,75704,73640,81060,134296,15840,12248
20,30,192296,75704,73740,81160,134668,15844,12248
20,30,193288,75948,73884,81352,135224,15888,12244
20,30,193016,75900,73836,81360,135492,15840,12296
20,30,194672,76244,74132,81756,137260,15932,12300
20,30,194660,76320,74156,82036,138700,16700,12344
20,30,193176,76136,74228,82112,138512,15940,12340
20,30,192188,76036,74172,81808,137468,15932,12292
20,30,192032,75888,73924,81612,135640,15884,12292
20,30,190960,75604,73436,80812,132200,15840,12244
20,30,190924,75564,73152,80308,130224,15796,12196
20,30,192408,75804,73644,80956,132296,15840,12204
20,30,193816,76252,73988,81560,135216,15844,12248
20,30,195144,76436,74372,82000,137036,15884,12296
20,30,195636,76528,74464,82300,138280,15932,12340
20,30,195984,76728,74616,82500,139376,15940,12340
20,30,195868,76636,74520,82504,139588,15932,12344
20,30,197596,76924,74864,82952,140884,15984,12340
20,30,196884,76920,74856,82900,141140,15932,12388
20,30,198324,76972,74908,83048,141604,15980,12384
20,30,198972,77264,75100,83344,142960,15976,12384
20,30,199516,77408,75244,83544,144368,16024,12384
20,30,200412,77456,75392,83688,144776,16024,12428
20,30,200112,77312,75356,83652,144268,16032,12436
20,30,199160,77248,75184,83328,142988,16792,12388
40,30,188304,75416,73304,80464,129380,15848,12204
40,30,188228,75516,73352,80616,129688,15848,12200
40,30,188280,75512,73340,80612,129788,15840,12200
40,30,188908,75604,73440,80552,130360,15888,12200
40,30,188840,75552,73488,80804,130508,15884,12244
40,30,188304,75560,73496,80864,130572,15844,12200
40,30,188124,75556,73492,80960,131404,15884,12248
40,30,188300,75800,73688,81060,132240,15892,12244
40,30,188404,75800,73684,81160,132340,15892,12244
40,30,187876,75804,73684,81112,132184,15892,12248
40,30,188520,75800,73632,81060,132128,15936,12244
40,30,188912,75704,73592,81060,131608,15884,12244
40,30,188296,75704,73488,80856,130664,15884,12244
40,30,188640,77508,73480,80756,129992,15884,12244
40,30,189548,75708,73544,80856,130192,15844,12248
40,30,194968,75796,73680,80952,130700,15880,12244
40,30,190160,75848,73680,81000,130808,15884,12244
40,30,189892,75852,73688,81052,130972,15892,12244
40,30,190156,75848,73688,81152,131124,15892,12244
40,30,189864,75948,73784,81264,132016,15892,12200
40,30,189876,76096,73928,81456,133156,15936,12248
40,30,189156,75992,73880,81448,133684,15932,12244
40,30,189432,76052,73940,81616,133744,15892,12252
40,30,189072,75844,73880,81400,133168,15932,12244
40,30,188696,75704,73592,81108,131664,15844,12196
40,30,188884,75700,73488,80856,130880,15836,12196
40,30,188672,75684,73472,80732,130072,16608,12196
40,30,187788,77376,73200,80416,128432,15840,12204
40,30,186696,75316,73004,80060,127076,15788,12152
40,30,186696,75264,73004,79908,129820,15796,12148
40,25,185152,74724,72508,79152,123692,15844,12152
40,25,185448,74720,72656,79464,124476,15892,12156
40,25,185184,74768,72556,79308,124376,15840,12196
40,25,184848,74632,72464,78956,123124,15840,12152
40,25,178448,76472,72348,78948,122380,15824,12660
40,25,184752,74580,72368,79120,122808,15844,12108
40,25,185348,74528,72316,79068,122972,15792,12152
40,25,185916,74728,72516,79160,123328,15844,12160
40,25,186180,76532,72608,79212,123696,15844,12152
40,25,187164,74928,72704,79456,124628,15892,12200
40,25,187156,75068,72804,79504,124832,15844,12204
40,25,185824,74972,72708,79408,124528,15848,12200
40,25,185228,74928,72764,79460,124524,15848,12204
40,25,185540,74820,72604,79460,124844,15892,12200
40,25,185032,75024,72808,79660,125832,15848,12204
40,25,173636,73592,71532,78072,119352,15892,12204
40,25,183920,74772,72708,79560,125100,15892,12200
40,25,183020,74580,72460,79312,124856,15840,12200
40,25,182816,74532,72372,79276,124968,15848,12152
40,25,182704,74476,72412,79372,124964,15848,12152
40,25,181548,74436,74084,79072,124084,15840,12152
40,25,181244,74288,72220,79072,123564,15800,12152
40,25,181048,74336,72172,78816,123092,15800,12108
40,25,181232,74280,72168,78720,122200,15796,12108
40,25,181960,74288,72072,78512,121368,15796,12108
40,25,182868,74436,72020,78456,121360,15788,12104
40,25,170900,70304,68744,74068,118392,15464,11772
40,25,183624,76540,72412,79012,122868,15840,12100
40,25,184644,74728,72664,79564,124264,15792,12152
40,25,186724,75124,73004,80068,126296,15896,12204
40,20,183252,83324,80404,85488,122384,20644,15328
40,20,177792,83132,80212,87460,121408,20600,15332
40,20,177812,83132,80160,84988,121040,20596,15324
40,20,177076,82988,80016,84948,120636,20648,15288
40,20,176576,82892,79872,84648,119752,20560,15240
40,20,177292,85020,79828,84500,119124,20552,15284
40,20,177412,82996,79772,84332,118596,20552,15236
40,20,178536,83144,79872,84376,118748,20604,15236
40,20,179920,83584,82224,85028,120132,20640,15280
40,20,181896,83924,80756,85576,121680,20700,15332
40,20,184664,84656,81336,86204,123204,20836,15424
40,20,184832,84656,81284,86100,122892,20832,15424
40,20,184984,84604,81288,86260,123364,20840,15472
40,20,186020,85096,81824,86952,125592,20888,15520
40,20,186192,85188,81968,87348,126572,20932,15556
40,20,184444,84992,81816,87000,125844,20920,15512
40,20,182564,84676,81556,86888,125424,21692,15464
40,20,182704,84592,81572,86868,125448,20836,15464
40,20,182076,84532,81308,86492,124124,20812,16208
40,20,181776,84264,81144,86224,123116,20740,15424
40,20,182160,84268,81044,86120,122808,20748,15428
40,20,182584,84264,81144,86220,123016,20792,15372
40,20,182748,84212,81140,86120,123016,20740,15428
40,20,183372,84412,81184,86264,123320,20840,15420
40,20,183456,84456,81336,86464,124096,20832,15424
40,20,182928,84308,81236,86372,124160,20788,15424
40,20,182016,84144,81024,88316,123416,20716,16068
40,20,181984,86120,81140,86224,123648,20784,15372
40,20,181816,86324,81092,86272,123588,20740,15420
40,20,181288,84212,80992,85968,123388,20784,15372
40,15,173060,73320,67292,66744,92036,19648,13224
40,15,173536,73476,67296,66736,94400,19692,13228
40,15,173804,73584,67352,66748,92352,19600,13224
40,15,173304,73464,67436,66884,94920,19692,13220
40,15,172704,73468,69344,67032,92972,19648,13228
40,15,172268,73360,67440,67032,92972,19648,13224
40,15,172216,73420,67388,66892,93080,19648,13224
40,15,171096,73272,67344,66840,92932,19644,13228
40,15,170620,73116,67244,66792,92720,19596,13180
40,15,170516,73116,67188,66736,92616,19592,13224
40,15,170792,73168,67248,66792,92620,19600,13228
40,15,169772,73124,67200,66792,92524,19648,13232
40,15,172096,72972,67100,66696,92476,19600,13180
40,15,169812,73176,67248,66840,92832,19600,13228
40,15,170656,73264,67340,66892,93188,19648,13224
40,15,170708,73104,67284,66980,93300,19692,13276
40,15,170124,73164,67292,66936,93140,19644,13228
40,15,169756,73112,67292,66788,92776,19640,13224
40,15,169940,73016,67092,66792,92420,19600,13220
40,15,170256,73120,67196,66744,92572,19604,13232
40,15,170692,73124,67200,66696,92528,19600,13228
40,15,171116,73224,67196,66792,92516,19600,13228
40,15,171336,73228,69056,66788,92464,19596,13228
40,15,171444,73220,67248,66788,92356,19600,13232
40,15,171816,73328,67352,66840,92352,19600,13232
40,15,171548,73220,67292,66844,92244,19656,13180
40,15,171228,73228,67248,66744,92304,19600,13180
40,15,171388,73272,67244,66840,92356,19604,13184
40,15,171436,73272,67296,66844,92564,19652,13224
40,15,171100,73268,67340,66940,92668,19648,13224
40,10,89396,20712,13908,12504,65620,12248,4588
40,10,89284,20708,14264,12500,65456,12208,4396
40,10,89192,20672,13920,12512,65204,12208,4404
40,10,90968,20664,13912,12500,65252,12256,4396
40,10,89344,21232,13912,12504,65084,12212,4396
40,10,89200,20716,13868,12508,65048,12216,4400
40,10,89308,20712,13912,12504,64832,12212,4396
40,10,89468,20720,13868,12508,64996,12208,4400
40,10,89476,20724,13868,12512,64996,12216,4408
40,10,89524,20708,13916,12500,64884,12208,4396
40,10,89688,20664,13916,12508,64996,12212,4352
40,10,89624,20716,13860,12508,65256,12212,4400
40,10,89516,20664,13916,12508,65204,12208,4400
40,10,89676,20764,13916,12500,65408,12208,4396
40,10,90044,20716,13912,12508,65728,12260,4400
40,10,90248,20712,13916,12548,65884,12256,4396
40,10,90248,20768,13916,12508,66096,12256,4400
40,10,90444,20752,14312,12548,66288,12256,4396
40,10,90032,20720,13916,12512,66100,12260,4404
40,10,90140,20764,13916,12504,65992,12256,4400
40,10,89936,20772,13920,12512,65788,12264,4360
40,10,89880,20764,13908,12504,65728,12260,4400
40,10,90040,20772,13916,12560,65728,12264,4360
40,10,90204,20716,13912,12508,65936,12260,4400
40,10,90524,20764,13916,12504,66100,12260,4400
40,10,90736,20772,13920,12512,66156,12264,4408
40,10,90896,20824,13916,12508,66204,12256,4404
40,10,90832,20820,13916,12504,66356,12304,4400
40,10,90684,20720,13916,12512,66156,12260,4408
40,10,90464,20816,13912,12556,66040,12264,4404
-20,10,33536,4868,4360,5280,26472,1228,1564
-20,10,33536,4864,4360,5280,26364,1224,1604
-20,10,33532,4868,4360,5276,26364,1224,1556
-20,10,33468,4856,4504,5272,26352,1224,1608
-20,10,33476,4860,4360,5276,26412,1220,1608
-20,10,33484,4868,4368,5280,26368,1232,1564
-20,10,33484,4868,4364,5280,26420,1228,1568
-20,10,33528,4864,4404,5276,26464,1224,1608
-20,10,33480,4868,4356,5276,26524,1220,1564
-20,10,33532,4864,4360,5280,26468,1224,1564
-20,10,33484,4868,4364,5276,26472,1228,1564
-20,10,33480,4864,4360,5276,26468,1220,1564
-20,10,33480,4868,4360,5280,26524,1224,1564
-20,10,33576,4864,4404,5276,26680,1224,1608
-20,10,33584,4864,4404,5276,26680,1224,1608
-20,10,33628,4856,4404,5272,26728,1220,1604
-20,10,33584,4868,4364,5276,26680,1220,1568
-20,10,33632,4864,4404,5272,26728,1220,1604
-20,10,33608,4856,4408,5272,27464,1220,1604
-20,10,33732,4864,4404,5272,26996,1220,1612
-20,10,33732,4864,4408,5276,26988,1224,1612
-20,10,33740,4860,4412,5280,26888,1228,1608
-20,10,33632,4864,4404,5276,26836,1224,1612
-20,10,33680,4864,4360,5272,26836,1220,1608
-20,10,33680,4868,4408,5276,26836,1224,1604
-20,10,33840,4864,4404,5272,26884,1220,1604
-20,10,33848,4864,4408,5280,26996,1228,1612
-20,10,33944,4860,4408,5280,27048,1224,1608
-20,10,34052,4856,4408,5272,27092,1220,1604
-20,10,34112,4868,4368,5288,27156,1232,1612
-20,15,112112,45652,47116,50928,108068,11824,10236
-20,15,112704,45752,47308,51124,109684,11816,10280
-20,15,111584,45652,48268,50952,108348,11816,10236
-20,15,111164,45552,47020,50724,107228,11772,10236
-20,15,113048,45560,46968,50780,107760,11772,10236
-20,15,110860,45512,46920,50576,106816,11776,10236
-20,15,110716,45404,46808,50472,106080,11760,10660
-20,15,110824,45408,46872,50580,106240,11776,10236
-20,15,110164,45316,46772,50384,107304,11772,10196
-20,15,109504,45212,46568,50180,103676,11720,10144
-20,15,109212,45216,46528,49984,102848,11672,10144
-20,15,109264,45224,46536,50092,103008,11688,10104
-20,15,108536,45120,46476,49884,102008,11676,10096
-20,15,108552,45120,46380,49788,101596,11688,10100
-20,15,109508,46200,46548,50060,102764,11676,10144
-20,15,109780,45216,46628,50080,103420,11676,10144
-20,15,109684,45272,46624,50132,103052,11676,10144
-20,15,109232,45124,46484,49988,102220,11680,10100
-20,15,109104,45168,46524,50036,102580,11672,10096
-20,15,109008,45176,46536,50036,102484,11688,10100
-20,15,108760,45120,46480,51320,102400,11676,10092
-20,15,108480,45072,46432,49932,101956,11632,10096
-20,15,108708,45072,46328,49840,101864,11632,10096
-20,15,108824,46208,46456,49956,102304,11680,10104
-20,15,108896,45120,46532,49980,102536,11680,10092
-20,15,109316,45168,46580,50136,103108,11680,10096
-20,15,109364,45176,46584,50084,103216,11632,10096
-20,15,109188,45208,46564,50068,103148,11664,10612
-20,15,108996,45172,46536,50140,103008,11688,10100
-20,15,109040,45172,46528,50084,103112,11676,10096
-20,20,158264,75612,74152,78916,116916,18568,14496
-20,20,158708,75700,74340,79000,117952,18604,14532
-20,20,160444,76196,74840,79800,120392,18660,14588
-20,20,161404,76380,75172,80296,121668,18748,14628
-20,20,161712,76472,75216,80288,122296,18748,14668
-20,20,161036,76336,75128,80304,121416,18700,14628
-20,20,159644,76036,74780,79752,120016,18700,14628
-20,20,158520,75748,74492,79252,118784,18604,14580
-20,20,158168,75700,74240,79104,117848,18556,14528
-20,20,157144,75412,74000,78652,116552,18556,14484
-20,20,156488,75116,73712,78360,118004,18512,14440
-20,20,155796,74924,73512,77964,114128,18468,14396
-20,20,155640,74928,73468,77916,114072,18464,14392
-20,20,156668,75120,73760,78316,115212,18512,14440
-20,20,158548,75708,74352,79160,117900,18560,14488
-20,20,159308,76004,74544,79400,119096,18616,14540
-20,20,159596,76088,74784,79752,119916,18652,14580
-20,20,159636,76088,74832,79692,120124,18652,14580
-20,20,159956,76016,74760,79624,119628,19560,14576
-20,20,160348,76044,74784,79748,119864,18652,14628
-20,20,159868,76044,74788,79652,120080,18660,14588
-20,20,160396,76188,74832,79800,120224,18656,14628
-20,20,161156,76432,75072,79936,121212,18700,14628
-20,20,161336,76524,75264,80336,121820,18748,14628
-20,20,160568,76336,75124,80044,121260,18704,14628
-20,20,161492,76544,77148,80392,122244,18740,14668
-20,20,162760,76820,75664,81040,124104,18792,14720
-20,20,163152,77012,75904,81284,124984,18792,14720
-20,20,163220,76912,75856,81144,124836,18800,14724
-20,20,164120,77308,76148,81636,126544,18844,14772
-20,25,164532,80920,79012,84728,121892,19884,15232
-20,25,164940,81016,79152,84880,122676,19928,15236
-20,25,164916,81156,79300,84972,123028,19932,15280
-20,25,165036,81064,79248,84928,122828,19936,15284
-20,25,166356,81356,79492,85116,123228,19972,15284
-20,25,168136,81752,79636,85356,126840,20020,15328
-20,25,170816,82188,80124,86004,125484,20120,15420
-20,25,172424,82584,80520,86500,127028,20164,15472
-20,25,171948,82676,80764,86904,128224,20120,15468
-20,25,171640,82672,80908,87100,129264,20164,15464
-20,25,171336,82748,80992,87132,129820,20196,16216
-20,25,173772,82816,80908,87148,130108,20160,15512
-20,25,169588,82620,80860,87104,129588,20164,15520
-20,25,168736,82528,80760,86952,129496,20168,15516
-20,25,168680,82420,80760,87056,129696,20108,15516
-20,25,169300,82476,80816,87320,130644,20120,15472
-20,25,170560,82768,81056,87616,131256,20168,15516
-20,25,170052,82524,80956,87364,130584,20120,15468
-20,25,169064,82280,80616,87068,129972,20116,15472
-20,25,169052,82228,80668,87068,130184,20120,15468
-20,25,168992,82324,80764,87064,130288,20160,15424
-20,25,168472,82224,80664,87020,129816,20112,15472
-20,25,167320,82028,80468,86668,129200,20072,15420
-20,25,167084,82080,80520,86820,129828,20072,15420
-20,25,166704,81928,80468,86820,129832,20116,15464
-20,25,165764,81836,80328,86732,129268,20076,15424
-20,25,165668,81884,80368,86572,128952,20068,15420
-20,25,166680,82080,80416,86620,128940,20068,15416
-20,25,168008,82336,80572,86816,129084,20120,15424
-20,25,169604,82580,80764,86956,129496,20164,15424
-40,10,62412,12936,15852,21772,73628,6360,8752
-40,10,63624,12936,15844,21720,73760,6360,8756
-40,10,62632,12884,15804,21780,73844,6360,8756
-40,10,62572,12932,15852,21728,73684,6360,8756
-40,10,62476,12888,15808,21736,73528,6368,8716
-40,10,62416,12880,15800,21720,73576,6356,8748
-40,10,62576,12888,15812,21732,73740,6360,8716
-40,10,62472,12928,15848,21776,73736,6364,8756
-40,10,63520,12936,15852,21728,73764,6364,8756
-40,10,62416,12932,15852,21724,73900,6360,8756
-40,10,62472,12936,15804,21724,73900,6356,8760
-40,10,62420,12936,15808,21732,73796,6364,8760
-40,10,62424,12880,15800,21728,73628,6360,8708
-40,10,62352,12928,16252,21716,73676,6356,8756
-40,10,62520,12932,15800,21728,73628,6360,8756
-40,10,62640,12888,15808,21736,73528,6324,8716
-40,10,62572,12936,15856,21728,73572,6360,8716
-40,10,62576,12936,15848,21724,73628,6364,8756
-40,10,62740,12888,15812,21732,73844,6364,8712
-40,10,62784,12888,15856,21772,73840,6360,8756
-40,10,62736,12888,15808,21728,73948,6360,8764
-40,10,62840,12932,15800,21728,74000,6364,8756
-40,10,62780,12936,15852,21720,74052,6360,8760
-40,10,62772,12920,15840,21816,74040,6364,9188
-40,10,62844,12888,15808,21780,73996,6356,8712
-40,10,62624,12932,15844,21772,73948,6360,8752
-40,10,62628,12936,15804,21724,74064,6356,8760
-40,10,62628,12880,15852,21776,74004,6364,8756
-40,10,62628,12932,15852,21724,74164,6356,8760
-40,10,62576,12888,15852,21780,74164,6360,8756
-40,15,105240,60264,64488,73144,126428,16460,14160
-40,15,106012,60456,64688,73492,127904,16456,14204
-40,15,106016,60464,64788,73600,128008,16464,14208
-40,15,106852,60552,64832,75804,129168,16504,14200
-40,15,107248,60800,65072,73988,130432,16556,14260
-40,15,107252,60648,65028,74044,130324,16500,14300
-40,15,107260,60608,64980,73996,130116,16508,14300
-40,15,105716,60268,64496,73300,127284,16464,14208
-40,15,105476,60072,64248,72844,125532,16412,14116
-40,15,106004,60128,64352,72952,125576,16372,14168
-40,15,106984,60360,64388,73192,126388,16416,14208
-40,15,107928,60684,64912,73724,129276,16536,14952
-40,15,108564,60852,65128,74144,131208,16560,14300
-40,15,109680,61188,65616,74836,133728,16600,14396
-40,15,110300,61232,65708,74928,136496,16688,14392
-40,15,110092,61284,65612,74832,133708,16648,14392
-40,15,110412,61380,65612,74880,134236,16652,14444
-40,15,110460,61388,65760,74880,135096,16696,14396
-40,15,111016,61524,65904,75224,136300,16692,14484
-40,15,110960,61476,65952,75176,136516,16688,14488
-40,15,110884,61428,65808,76884,135244,16692,14436
-40,15,110980,61480,65856,74972,135232,16692,14444
-40,15,111104,61556,65832,75052,135528,17508,14488
-40,15,111168,61556,65780,75012,135208,17412,14440
-40,15,111516,61428,65656,74776,134752,16692,14436
-40,15,111660,61476,65804,74820,134472,16692,14436
-40,15,111268,61336,65564,74376,132676,16696,14400
-40,15,109524,60848,64924,73472,128396,16608,14296
-40,15,109384,60756,64724,73124,127828,16500,14252
-40,15,109668,60940,65064,73772,129672,16596,14296
-40,20,165868,82020,80864,88512,136168,19920,15564
-40,20,167692,82408,81248,89004,137180,20012,15656
-40,20,170168,85060,81840,89696,140028,20060,15748
-40,20,168712,82652,81588,89448,138680,20056,15748
-40,20,167164,82012,80956,88556,135472,20020,15656
-40,20,166188,81732,80420,87864,133084,19924,15564
-40,20,164648,81392,80132,87264,131224,19872,15516
-40,20,162704,80896,79540,86468,128580,19780,15424
-40,20,161220,80472,79112,85880,127256,19696,15380
-40,20,161572,80560,79200,85916,127664,19736,15420
-40,20,163460,80408,79152,86080,127660,19732,15372
-40,20,160088,80420,79060,85828,127264,19692,15384
-40,20,160056,80324,78864,85680,126796,19688,15332
-40,20,163784,81272,79860,87044,130524,20636,15464
-40,20,164492,81436,80280,87668,132580,19828,15520
-40,20,163576,81284,80276,87724,132688,19880,15516
-40,20,166144,81828,80664,88220,134340,19880,15564
-40,20,168044,82460,81400,89312,138120,20020,15660
-40,20,168408,82648,81692,89704,139888,20068,15704
-40,20,167376,82208,81356,89420,139284,20020,15656
-40,20,171312,82696,81740,89960,141772,20112,15748
-40,20,173944,83384,82228,90292,142896,20204,15848
-40,20,173364,83092,81884,89632,141344,20160,15792
-40,20,170344,82792,81676,89588,141820,20152,15788
-40,20,172156,82840,81932,90100,144448,20156,15800
-40,20,174892,83908,83148,91740,149872,20348,15940
-40,20,174764,83568,82612,91092,149912,20296,15940
-40,20,173356,83376,82320,92696,144512,20252,15836
-40,20,173528,83088,81932,89992,142968,20156,15792
-40,20,175200,83476,82468,90744,145768,20252,15888
-40,25,176812,84496,82072,88408,129096,20448,15656
-40,25,176108,84336,82076,88460,129256,20444,15652
-40,25,175872,84348,82128,88568,130044,20448,15660
-40,25,177928,84588,82328,88964,131080,20448,15700
-40,25,179580,85172,82804,91764,132356,20592,15748
-40,25,177040,84872,82556,88996,131112,20492,15744
-40,25,174656,84192,81932,88320,129588,20404,15656
-40,25,174736,84336,82072,88456,130260,20396,15648
-40,25,176544,86056,81884,88324,129696,20400,15652
-40,25,171812,83660,81300,87528,126792,20304,15516
-40,25,170952,83272,81008,87188,125504,20260,15520
-40,25,171960,83416,81104,87336,125760,20260,15512
-40,25,172472,83568,81152,87068,124808,20304,15520
-40,25,173220,83764,81148,87064,124588,20212,15512
-40,25,173440,83624,81152,87072,124764,20216,15472
-40,25,172976,83568,81052,89184,124080,20204,15464
-40,25,173280,83580,80960,86620,123304,20168,15420
-40,25,175328,84020,81200,87012,124116,20208,15464
-40,25,177040,84500,81776,87792,129436,20300,15556
-40,25,178016,84792,82124,90564,127776,20404,15608
-40,25,180340,85276,82668,88992,130312,20444,15700
-40,25,181432,85716,83100,89736,132532,20536,15792
-40,25,180892,85564,83100,89744,132860,20540,15748
-40,25,181728,85808,83444,90188,135196,20640,15796
-40,25,181804,86004,83636,90588,135764,20684,15848
-40,25,180468,85424,83052,89648,133076,20592,15756
-40,25,179632,85320,82852,91660,132244,20536,15748
-40,25,181840,85716,83192,89736,133476,20588,15792
-40,25,186036,86492,85992,90612,135788,20724,15888
-40,25,183608,86244,83884,90836,136112,20724,15848
-40,30,173068,86224,80944,86224,119804,20640,15656
-40,30,173680,84156,81036,86584,120688,20640,15652
-40,30,175368,84700,81580,87380,122592,20684,15748
-40,30,177072,85032,82012,87920,124076,20784,15800
-40,30,179068,85724,82604,88612,126564,20872,15896
-40,30,181388,86156,83236,89500,128772,20964,15984
-40,30,183452,86692,83672,90192,130780,21060,16076
-40,30,184568,87084,83964,90480,132384,21108,16124
-40,30,184840,87080,83960,90480,132172,21148,16120
-40,30,183348,86636,83616,89988,130572,21060,16076
-40,30,182760,86456,83436,89548,129656,21016,16032
-40,30,181964,86256,83236,89344,129352,20964,16024
-40,30,181744,86256,83180,89556,129664,21016,16032
-40,30,180096,85804,82892,89316,129320,20964,15980
-40,30,176644,85124,82352,88472,127216,20876,15892
-40,30,174100,84432,81716,87680,127896,20820,15836
-40,30,172292,83996,81276,87292,123564,20732,15748
-40,30,173904,83360,80688,86400,121552,20636,15696
-40,30,170160,83316,80600,86096,120888,20592,15652
-40,30,170092,83424,80504,86204,121572,20592,15652
-40,30,169924,83268,80652,86360,121728,20640,15656
-40,30,169664,83412,80892,86708,122760,20640,15700
-40,30,170200,83496,80984,87008,126588,20684,15748
-40,30,170172,83608,80988,86800,123540,20684,15700
-40,30,169800,83600,81036,86852,123272,20636,15748
-40,30,167384,82920,80452,86372,122372,20640,15656
-40,30,167244,82872,80404,86324,121960,20544,15664
-40,30,167016,82968,80500,86212,122004,20588,15604
-40,30,165944,82676,80160,85868,120760,20548,15612
-40,30,165544,82584,79968,85572,120100,20496,15564
60,10,112804,46568,34976,30448,80512,17084,10144
60,10,113072,46668,35032,30400,80668,17044,10188
60,10,112280,46524,34932,30404,80312,17000,10192
60,10,111336,46380,34788,30212,79748,16904,10096
60,10,110220,46112,34676,30152,79056,16784,10560
60,10,110064,46176,34692,30212,78908,16848,10096
60,10,109020,45932,34596,30072,78504,16760,10052
60,10,110672,45852,34520,30848,78324,16752,10048
60,10,109076,45932,34544,30120,78452,16760,10052
60,10,108468,45904,34524,30900,78216,16756,10044
60,10,107912,45788,34448,30020,77884,16712,10008
60,10,107700,45732,34444,30020,77888,16664,10008
60,10,107544,45740,34452,29980,77836,16672,10008
60,10,107484,45736,34452,29980,77784,16664,10008
60,10,108272,45980,34600,30124,78140,16764,10052
60,10,108060,45932,34500,30072,78136,16708,10052
60,10,107872,47012,34496,30116,78004,16760,10048
60,10,108480,45928,34596,30112,78348,16804,10052
60,10,109476,46232,34740,31024,78916,17660,10092
60,10,110056,46272,34788,30252,79008,16896,10096
60,10,109112,46076,34692,30160,78700,16804,10100
60,10,109432,46136,34644,30168,78760,16860,10100
60,10,109324,46080,34692,30120,78916,16808,10052
60,10,109792,46228,34744,30208,79168,16852,10100
60,10,108804,46104,34660,30188,78936,16824,10836
60,10,108628,46076,34696,30168,78708,16812,10100
60,10,107180,45808,35352,30072,78172,16760,10052
60,10,105876,45684,34396,29924,77568,16660,10000
60,10,105252,45432,34304,29932,77004,16564,9960
60,10,106420,45636,34404,30028,77420,16672,10004
60,15,109812,65340,61016,60568,63648,17744,12712
60,15,112320,66168,61748,61300,64588,17884,12804
60,15,112880,66360,61896,61592,64988,17936,12808
60,15,112436,66344,61996,61744,65292,17892,12812
60,15,111148,66080,61940,61792,65388,17888,12808
60,15,111860,66420,62236,62128,65940,17984,12860
60,15,111804,66416,62232,62176,65884,17928,12848
60,15,109972,65928,61788,61788,65496,17884,12808
60,15,108788,65392,61460,61260,64652,17800,12720
60,15,109320,65488,61452,61352,64752,17796,12764
60,15,109048,65488,61452,61248,64860,17796,12764
60,15,108372,65192,61260,61108,64608,17740,12708
60,15,108388,64944,61016,60916,64512,17748,12716
60,15,109468,65212,61164,60860,64044,17744,12712
60,15,110292,65384,62776,60712,64012,17744,12712
60,15,110168,65312,61060,60760,64048,17792,12712
60,15,110376,65684,61552,61400,65152,17788,12804
60,15,110904,66048,62028,61928,66156,17880,12848
60,15,110788,66144,62024,62024,66252,17976,12896
60,15,110164,65804,61884,61784,65960,17880,12852
60,15,110080,65660,61744,61640,65868,17892,12812
60,15,110448,65660,61744,61692,66136,18820,13412
60,15,112164,66248,62228,62176,66932,17984,12904
60,15,114156,66784,62660,62660,67576,18072,12992
60,15,115092,67024,62904,62852,67924,18168,13040
60,15,114624,66776,62708,62808,67988,18168,13044
60,15,115796,66616,62704,62916,68360,18120,13040
60,15,112896,66268,62660,62760,68640,18124,13044
60,15,110800,65780,62124,62232,67992,18076,12992
60,15,108516,64896,61388,61540,66744,17888,12856
60,20,114172,68732,65460,66720,73740,17980,13088
60,20,114420,68772,65556,67016,74092,17972,13136
60,20,114076,68868,65656,67112,74404,18016,13180
60,20,114728,68988,65880,67436,74948,18048,13832
60,20,115316,69148,66044,67700,75316,18068,13224
60,20,115484,69100,66092,67652,75316,18116,13224
60,20,115292,69112,65896,67308,74860,18068,13180
60,20,114284,68864,65752,67216,74712,18024,13180
60,20,114180,68812,65704,67216,74764,18024,13180
60,20,114532,68956,65848,67304,74916,18016,13176
60,20,114020,68708,65704,67260,74508,18020,13128
60,20,112980,68312,65408,66868,74004,17968,13128
60,20,112256,68120,65116,66676,73604,17872,13088
60,20,111976,68052,65044,66504,73432,18788,13084
60,20,112056,68024,65016,66484,73352,17876,13080
60,20,112388,67984,64976,66432,73252,17884,13088
60,20,112596,67972,65064,66476,73400,17868,13088
60,20,113220,68176,65168,66628,73872,17976,13088
60,20,112828,68168,65264,66724,74284,17976,13132
60,20,112292,68120,65220,66784,74448,17976,13088
60,20,111976,68072,65168,66680,74348,17928,13136
60,20,111868,67860,65064,66576,74240,17916,13080
60,20,111372,67680,64828,66288,73636,17880,13044
60,20,111332,67632,64732,66188,73488,17884,13040
60,20,111264,67628,64828,66288,73956,17880,13088
60,20,110604,67572,64768,66336,74056,17876,13088
60,20,109552,67272,64576,66140,73648,17876,13040
60,20,108948,68680,64440,65996,73420,17784,12988
60,20,108416,66832,64240,65700,73108,17784,12996
60,20,107496,66548,63848,65360,72400,17692,12904
60,25,116136,70332,67616,70540,82612,18064,13320
60,25,116916,70420,67904,70988,83008,18104,13364
60,25,118356,70788,68224,71200,83696,18912,13408
60,25,118900,71024,68252,71380,84348,18164,13416
60,25,119028,70916,68200,71176,83776,18164,13416
60,25,121140,71360,68536,71664,84428,18304,13508
60,25,122956,71836,69120,72352,87636,18348,13552
60,25,123064,71980,69312,72604,86568,18392,13644
60,25,124100,72380,69608,72992,87436,18488,13648
60,25,126012,72908,70196,73584,88868,18584,13740
60,25,125584,72688,70028,73416,88388,19344,13692
60,25,126016,72612,69904,75092,88004,18536,13740
60,25,127744,73012,70196,73528,88500,18532,13744
60,25,122940,71880,69112,72088,85844,18484,13644
60,25,124912,71952,68928,71892,85128,18396,13608
60,25,124136,71700,68728,71596,84512,18396,13560
60,25,123128,71272,68292,70856,83180,18300,13504
60,25,78956,61180,59720,61596,70656,16556,12624
60,25,119812,72384,67748,70320,82184,18204,13412
60,25,120256,70096,67212,69584,81012,18008,13412
60,25,120688,70356,67368,69632,80584,18112,13320
60,25,120524,70300,67264,69636,80584,18108,13320
60,25,121108,70456,67468,69732,80788,18116,13324
60,25,121468,70600,67560,69872,80928,18112,13364
60,25,120860,70492,67564,70124,81616,18112,13368
60,25,121492,70756,67924,70344,82304,18972,13412
60,25,120564,70636,67708,70280,82288,18164,13416
60,25,119928,70432,67608,70120,81976,18156,13408
60,25,119616,70336,67512,70080,82148,18160,13412
60,25,119540,70200,67320,69780,81428,18112,13368
60,30,120260,70924,68048,70720,82308,18160,13412
60,30,120584,70792,67804,70172,81016,18152,13416
60,30,120932,70800,67612,69972,80496,18104,13364
60,30,121380,70992,67956,70320,81380,18160,13420
60,30,121908,71372,68340,70960,82392,18200,13512
60,30,122432,71556,68684,71444,83676,18296,13504
60,30,122428,71600,68780,71600,83988,18304,13560
60,30,121824,71592,68772,71644,84088,18296,13548
60,30,121836,71548,68688,71608,83992,18300,13556
60,30,121544,71464,68588,71248,83532,18300,13512
60,30,121908,71552,68676,71344,85520,18296,13500
60,30,122496,71600,68724,71396,83464,18296,13500
60,30,123108,71608,68628,71200,82888,18296,13504
60,30,121532,71268,68236,70852,82076,18196,13456
60,30,122356,71360,68244,72704,82084,18204,13460
60,30,123244,71524,68492,71004,82536,18208,13508
60,30,125116,72300,69272,71984,84580,18396,13600
60,30,125988,72588,69564,72384,85456,18396,13648
60,30,126000,72440,69464,72224,85244,18392,13648
60,30,126244,72680,69664,72576,85916,18392,13648
60,30,127320,72968,69948,72968,86724,18484,13692
60,30,127800,73132,70164,73236,87260,19440,13736
60,30,128040,73216,70196,73320,87392,18480,13744
60,30,127844,73012,70092,73220,87032,18484,13736
60,30,126960,72920,69896,72816,86416,18484,13688
60,30,125672,72432,69468,72432,85348,18396,13648
60,30,124488,72052,69076,71892,84540,18304,13556
60,30,123016,71636,68664,71324,83548,18272,14248
60,30,121564,70928,68100,70668,82156,18108,13416
60,30,120392,70592,67608,69976,80928,18064,13364
80,10,115280,67176,63016,63620,78300,17544,12896
80,10,115712,67332,63064,63672,78292,17548,12944
80,10,115772,67280,63020,63628,78248,17504,12944
80,10,116352,67428,63164,63772,80552,17596,12992
80,10,116972,67520,63256,63916,78804,17588,13036
80,10,116560,67380,63020,63716,78500,17636,12996
80,10,116064,67144,62780,63328,78000,17548,12948
80,10,115516,66868,62608,63212,77776,17528,13552
80,10,115168,66948,62584,63080,77600,17504,12896
80,10,114720,66920,62608,63208,77464,18356,12896
80,10,115152,67192,62924,63432,77624,17504,12896
80,10,116460,67532,63168,63724,78188,17552,12992
80,10,116628,67532,63168,63716,77864,17544,12996
80,10,116740,67644,63164,63624,77868,17552,12944
80,10,117664,67928,63408,64008,78360,17636,12988
80,10,118188,68080,63608,64112,78668,17640,12996
80,10,117880,67936,63364,63920,78584,17648,12996
80,10,116516,67480,63012,63568,78028,17588,12988
80,10,115404,67340,62924,63524,77880,17544,12900
80,10,115320,67636,63216,63876,78284,17548,12952
80,10,115564,67668,63360,64112,78472,17588,12992
80,10,116488,68060,63700,64504,79080,17636,13036
80,10,117228,68252,63892,64752,81272,17684,13080
80,10,118752,68700,64240,65040,79776,17736,13088
80,10,118976,68556,64184,64944,79568,17736,13088
80,10,119568,68600,64084,64944,79620,17780,13088
80,10,119476,68620,63996,64600,79476,17740,13088
80,10,119404,68432,63700,64304,79184,17688,13040
80,10,119884,68272,63744,64356,79188,17688,13040
80,10,120196,68476,63900,64404,79388,17740,13088
80,15,117196,68876,65616,67380,75200,17640,12996
80,15,117972,69016,65916,67772,75656,17696,13040
80,15,116552,68664,65664,67432,75364,17640,13040
80,15,114264,67832,64940,66748,74420,17496,12948
80,15,113780,67784,64884,66652,74484,17500,12948
80,15,113352,67732,64736,66600,74316,17540,12992
80,15,114516,68508,65620,67376,74780,17688,13088
80,15,112884,67736,64784,66552,73692,17596,12992
80,15,111732,67344,64444,66200,73348,17544,12992
80,15,110484,66992,64200,65860,72688,17500,12900
80,15,110816,67100,64156,65916,72264,17456,12852
80,15,110016,66784,63888,65444,71852,17432,13500
80,15,108712,66224,63376,64984,70864,17360,12812
80,15,107984,65984,63132,64648,70620,17264,12764
80,15,106972,65624,62888,64492,70852,17264,12764
80,15,105492,65076,62592,64252,70564,17216,12712
80,15,105616,65188,62492,64056,70036,17216,12660
80,15,105556,65064,63928,63880,69488,17172,12624
80,15,105912,65136,62332,63596,69144,17152,13272
80,15,106148,66852,62496,63912,69376,17128,12624
80,15,106476,65492,62696,64156,69820,17172,12616
80,15,108720,66284,63280,64732,70448,17264,12708
80,15,109420,66696,63380,64736,70392,17272,12712
80,15,109312,66636,63524,64888,70172,17268,12716
80,15,109888,67128,63912,65472,71448,17312,12760
80,15,112240,68268,65376,67340,76228,17548,12992
80,15,111416,68264,65380,67392,74544,17548,12996
80,15,110292,67888,64992,66856,73788,17456,12904
80,15,110692,68068,65184,67248,76136,17496,12900
80,15,111700,68460,65672,67736,75360,17596,12992
80,20,111976,67344,64652,66516,74672,17268,12812
80,20,110940,67000,64308,66172,74012,17312,12764
80,20,108932,66208,63572,65380,72376,17164,12660
80,20,107452,65688,62996,64656,71276,17080,12580
80,20,106260,65184,62652,64268,70624,16980,12528
80,20,105660,64924,62304,65436,70080,16932,12476
80,20,105328,64628,61928,63388,69264,16848,12396
80,20,94920,60788,58496,59756,65212,16656,12196
80,20,100816,63776,61336,62848,68312,16748,12288
80,20,103636,64344,61728,64964,69128,16796,12344
80,20,103296,64216,61724,63288,69168,16836,12384
80,20,102476,63876,61384,62896,68624,16748,12336
80,20,100660,63244,60948,62264,67828,16656,12252
80,20,99860,63036,60752,62164,67784,16656,12204
80,20,99036,62008,59780,61332,67120,16560,12152
80,20,102176,63908,61628,63188,69232,16792,12380
80,20,101368,63528,61080,62496,68264,16884,12480
80,20,101628,63492,60900,62256,67396,16708,12244
80,20,101312,63444,60896,62100,67184,16696,12292
80,20,101796,63600,61000,62264,67296,16704,12252
80,20,103524,64240,61328,62596,67724,16796,12340
80,20,106108,65116,62160,63472,69020,16928,12428
80,20,107116,65700,62800,64260,70028,17032,12524
80,20,108144,66288,63336,64896,72664,17128,12576
80,20,109184,66772,63872,65632,72152,17176,12668
80,20,110760,67632,64844,66908,74644,17356,12808
80,20,111880,68116,65328,67492,75708,17448,12904
80,20,112008,68256,65572,67736,76264,17448,12900
80,20,111564,68244,65572,67940,76684,17496,12944
80,20,110828,68156,65480,67748,76592,17452,12948
80,25,115844,69300,66832,69300,80372,17876,13272
80,25,115088,69292,66728,69396,80048,17916,13316
80,25,114732,68916,68160,68916,78936,17780,13228
80,25,116004,69296,66928,69404,80048,17920,13280
80,25,117084,69552,66928,69348,79784,17920,13320
80,25,115212,68728,66156,68320,77952,17784,13232
80,25,115616,68768,66200,68564,78308,17872,13232
80,25,117064,69316,66740,69004,79332,17924,13324
80,25,118828,69948,67220,69540,80340,18016,13372
80,25,120004,70176,67560,70124,81404,18108,13460
80,25,119004,69984,67312,69984,81368,18060,13408
80,25,116216,69112,68304,68908,79240,17920,13324
80,25,114392,68336,65756,67820,77192,17780,13180
80,25,113060,67960,65276,67236,76072,17688,13088
80,25,110860,67028,64344,66200,74144,17588,12988
80,25,110176,66604,63912,65572,73088,17456,12904
80,25,111292,67188,64396,66260,74092,17548,12952
80,25,112320,67524,64836,66648,74796,17592,12992
80,25,112560,67656,64912,66776,74660,17624,13740
80,25,111004,67164,64428,66184,73912,17528,13548
80,25,110464,66940,64248,65908,73424,17500,12896
80,25,110720,67036,64348,66056,73468,17496,12904
80,25,109584,66752,63956,65720,72812,17456,12900
80,25,108636,66216,63424,64880,71600,17356,12804
80,25,107996,66016,63216,64784,71496,17356,12804
80,25,100064,64600,63772,63620,69392,17260,12756
80,25,105928,65220,62400,65424,69744,17172,12620
80,25,105696,65100,62396,63756,69684,17172,12664
80,25,107280,65548,62740,64096,70076,17224,12668
80,25,109044,66304,63504,65068,71732,17344,13368
80,30,122268,72948,70232,73724,89064,18768,13884
80,30,122624,72256,69648,72932,87640,18672,13832
80,30,120216,72060,69600,72988,87064,18624,13832
80,30,119224,71720,69352,72644,86724,18620,13784
80,30,118144,71420,69008,72196,85848,18576,13740
80,30,117020,70888,68576,71716,84944,18488,13644
80,30,116356,70552,68288,71480,84708,18440,13652
80,30,116620,72468,68420,71552,84920,18436,13644
80,30,116760,70788,68476,71516,85060,18484,13692
80,30,115408,70400,68132,71120,84244,18436,13648
80,30,115292,70496,68228,71320,84028,18436,13648
80,30,116020,70944,68576,71664,84372,18436,13648
80,30,114060,70164,67792,70828,83004,18396,13648
80,30,112168,69380,67016,69900,81656,18252,13512
80,30,113044,69772,67364,70296,82152,18256,13508
80,30,115972,70844,68476,71564,84056,18436,13640
80,30,116576,71228,68964,72056,84440,18436,13640
80,30,116348,71252,70496,71764,83836,18344,13604
80,30,116536,71288,68920,71960,84136,18344,13596
80,30,117272,71728,69416,72708,85520,18488,13700
80,30,118160,72156,69996,73404,86740,18536,13788
80,30,119768,72828,70312,73708,87100,18652,14436
80,30,117796,71216,68648,71936,84696,18068,13228
80,30,120572,73004,70284,73368,86020,18628,13740
80,30,121368,73248,70428,73556,88216,18624,13780
80,30,122728,73696,70784,74012,86608,18680,13792
80,30,123292,73940,70968,74148,87064,18720,13832
80,30,123816,73996,72828,74304,87328,18720,13832
80,30,123756,74040,71120,74296,87320,18720,13880
80,30,124180,74136,71220,74500,87680,18776,13884
-60,10,76508,37612,44308,50120,70680,14972,12532
-60,10,76656,37660,44400,50168,70936,15012,12572
-60,10,76564,37564,44304,50072,70520,15020,12528
-60,10,76376,37568,44164,49928,69960,14976,12488
-60,10,76568,37492,44184,49852,69824,15636,12520
-60,10,76496,37568,44160,49824,69592,14976,12488
-60,10,76396,37464,44056,49728,69280,14976,12476
-60,10,76756,37512,44204,49872,69588,14968,12528
-60,10,76792,37608,44256,49920,70160,15016,12528
-60,10,76644,37460,44200,49872,69848,14972,12524
-60,10,76808,37516,44208,49924,69744,14976,12528
-60,10,73152,36460,42092,48428,66032,14504,11968
-60,10,76344,37368,44008,49680,69388,14976,12476
-60,10,76332,37368,43960,49524,70240,14924,12436
-60,10,76076,37272,43816,49272,68092,14880,12432
-60,10,75668,37224,43660,49028,67420,14876,12388
-60,10,75264,37124,43464,48716,66692,14784,12288
-60,10,76160,37036,43372,48576,66128,14784,12292
-60,10,74640,36936,43280,49560,65580,14740,12200
-60,10,74680,36840,43232,48384,65568,14688,12204
-60,10,74480,36840,43132,48284,65256,14696,12200
-60,10,74076,36740,42936,47984,64428,14640,12152
-60,10,73680,36548,42736,47684,63704,14596,12060
-60,10,73448,36500,42492,47332,63040,14552,12008
-60,10,73544,36504,42592,47384,63300,14556,12060
-60,10,73700,36456,42644,47540,63456,14600,12060
-60,10,73708,36456,42600,47432,63356,14548,12060
-60,10,73252,36408,42448,47188,62688,14512,11968
-60,10,73060,36312,42304,47040,62220,14464,11968
-60,10,73000,36320,42408,47144,62432,14460,11968
-60,15,73240,53560,53560,55520,58740,15896,12016
-60,15,73184,53668,53716,55524,58740,15852,11968
-60,15,72412,53272,53320,55120,58232,15752,11868
-60,15,71456,52836,52836,54696,57436,15668,11832
-60,15,70904,52492,53948,54468,57152,15612,11728
-60,15,70940,52544,52652,54400,57192,15616,11736
-60,15,70580,52392,52492,54248,56720,15560,11724
-60,15,70368,52212,52156,53700,55704,15476,11684
-60,15,70292,52012,51956,53300,55036,15428,11592
-60,15,70056,51968,51768,53112,54532,15384,11548
-60,15,70336,52020,51772,53052,54372,15384,11548
-60,15,70592,52216,51864,52992,54204,15376,11540
-60,15,71124,52412,51964,53088,54036,15424,11540
-60,15,71552,52564,52060,53080,53876,15424,11544
-60,15,71648,52664,52208,53280,54232,15432,11596
-60,15,71788,52860,52412,53584,54588,15484,11600
-60,15,72016,53096,52592,53820,55032,15468,11632
-60,15,72444,53324,52916,54256,55572,16388,11684
-60,15,72616,53440,53036,54368,55788,15568,11732
-60,15,72604,53484,53032,54464,55992,15612,11728
-60,15,72304,54648,53088,54444,55860,15612,11732
-60,15,72540,53480,53180,54512,56048,15608,11732
-60,15,72980,53824,53468,54956,56856,15660,11776
-60,15,73168,53864,53660,55208,57108,15700,11820
-60,15,72956,53868,53616,55268,57104,15708,11776
-60,15,72856,53824,53616,55160,57008,15708,11828
-60,15,72924,53880,53480,55120,56964,15668,11784
-60,15,73116,53860,53612,55208,57216,15700,11816
-60,15,73720,54208,53960,55544,57820,15804,11876
-60,15,74192,54460,54112,55804,58228,15808,11924
-60,20,79884,55948,53360,53308,52300,15620,11452
-60,20,80128,56132,53660,53556,52700,15720,11508
-60,20,79716,55932,53460,53460,52400,15668,11500
-60,20,82152,57020,54552,54704,54096,15840,12244
-60,20,85264,60084,56544,57252,57872,16232,11964
-60,20,85016,58548,56156,56764,57176,16184,11920
-60,20,83932,58004,55708,56212,56528,16132,11868
-60,20,85196,58780,56400,57104,57832,16284,11968
-60,20,84356,58584,56200,56804,57532,16228,11968
-60,20,83344,58060,55720,56216,56532,16132,11872
-60,20,83076,57952,55668,56272,56688,16132,11872
-60,20,83652,58048,55812,56316,56732,16132,11916
-60,20,83380,57932,56984,56112,56516,16140,11876
-60,20,82164,57472,55276,55576,55780,16036,11768
-60,20,81376,57108,54800,55104,54900,15956,11692
-60,20,81416,57096,54840,55156,54940,15944,11684
-60,20,81224,56964,54648,54856,54600,15900,11684
-60,20,81668,57028,54692,54944,55976,15944,11684
-60,20,82448,57212,54896,55100,54896,15952,11732
-60,20,82312,57076,54608,54912,54556,15952,11692
-60,20,81132,56548,54128,54232,53520,15804,11588
-60,20,80068,55976,53652,53652,52800,15672,11496
-60,20,79384,55668,53400,53452,52548,15668,11500
-60,20,78528,55344,53080,52976,51820,15568,11400
-60,20,77776,54912,52540,52436,51180,15476,11356
-60,20,77380,54680,52312,52108,50640,15436,11268
-60,20,77092,54396,52028,51712,50152,15384,11264
-60,20,76908,54264,51784,51372,49808,15336,11212
-60,20,77244,54388,51904,51700,50132,15376,11824
-60,20,77872,54748,52264,51856,50544,15436,11264
-60,25,81596,56472,53944,53836,53332,15616,11496
-60,25,81276,56416,53840,53840,53328,15708,11496
-60,25,81476,56572,53988,53832,53428,15716,11452
-60,25,81112,56372,53788,53788,53384,15720,11452
-60,25,80724,56200,53632,53532,54408,15668,11452
-60,25,81004,57388,53648,53540,53092,15664,11404
-60,25,81096,56132,53604,53448,52792,15668,11404
-60,25,81024,56012,53324,52964,52252,15620,11360
-60,25,81212,55872,53188,52872,51912,15580,11316
-60,25,81560,56176,53376,53064,52212,15624,11360
-60,25,82172,56508,53720,53356,52652,15668,11404
-60,25,82860,57044,54244,53932,53428,15768,11500
-60,25,83712,57404,54716,54512,54208,15852,11592
-60,25,83788,57696,54900,54900,54544,15948,11588
-60,25,83568,57744,55004,55004,54696,15900,11592
-60,25,84284,58088,55288,55288,55188,16004,11640
-60,25,84740,58376,55580,55632,55632,16048,11688
-60,25,85616,58612,55872,55972,55972,16092,11780
-60,25,86404,58908,56008,56060,56220,16132,11776
-60,25,87132,59104,56208,56412,56512,16188,11832
-60,25,87236,59208,56308,56360,56460,16140,11824
-60,25,87252,59328,56404,56404,57848,16188,11824
-60,25,89032,59484,56592,56696,57008,16232,11864
-60,25,86984,59220,56404,56452,57900,16188,11824
-60,25,85776,58764,55964,55964,55964,16092,11776
-60,25,85816,58864,56016,56168,56168,16092,11784
-60,25,86680,59180,56460,56712,56968,16188,11828
-60,25,87320,59768,56948,57252,57660,16236,11876
-60,25,88800,60228,57520,58032,58744,16372,11968
-60,25,91072,61044,58360,58964,60204,16516,12108
-60,30,90892,60696,57568,57880,58852,16416,12012
-60,30,91500,60880,57864,58212,59348,16468,12056
-60,30,93352,61812,58816,59320,61076,16636,12800
-60,30,93740,61880,58888,59492,61248,16660,12204
-60,30,93344,61696,58588,59092,60536,16604,12192
-60,30,92916,61268,58256,58604,59896,16560,12108
-60,30,94640,61328,58208,58508,59740,16560,12108
-60,30,92768,61224,58156,58456,59700,16560,12108
-60,30,91640,60748,57716,57820,58848,16420,12052
-60,30,90756,60460,57376,57524,58456,16420,11968
-60,30,89900,60084,56992,57040,57704,16328,11920
-60,30,89504,59848,56744,56744,57112,16240,11876
-60,30,89348,59752,56644,56748,56960,16232,11824
-60,30,91168,59900,56796,56796,57108,16280,11872
-60,30,89300,59816,56608,56608,56916,16236,11876
-60,30,89564,59804,56692,56748,56960,16232,11872
-60,30,92236,59996,56884,56940,57256,16276,11864
-60,30,89800,60040,56936,56936,57308,16284,11916
-60,30,89960,60200,56984,57084,59144,16324,11916
-60,30,90124,61656,57132,57132,57856,16328,11916
-60,30,90820,60524,57496,57800,58628,17276,12008
-60,30,90728,60596,57616,57872,58696,16420,12008
-60,30,90048,60232,57144,57292,57904,16284,11916
-60,30,90296,60316,57176,57380,58000,16372,11960
-60,30,90660,60528,57428,57536,58256,16376,11968
-60,30,91240,60616,57524,57676,58400,16376,12012
-60,30,91500,60716,57576,57676,58452,16420,12016
-60,30,91916,60916,59224,57908,58812,16464,12052
-60,30,91892,60896,57760,57860,58892,16464,12052
-60,30,92080,60872,59180,57968,58924,16468,12060
-80,10,82708,55704,54340,55808,55756,16132,11776
-80,10,82124,55384,54092,54040,55224,16080,12292
-80,10,81440,54976,53620,53516,54340,15948,11636
-80,10,81236,54816,53512,53360,54020,15936,12200
-80,10,80820,54620,53476,53424,54200,15900,11592
-80,10,74576,52640,51620,52744,52224,15624,11308
-80,10,79888,54224,53132,53184,53748,15856,11500
-80,10,79828,54328,53228,53228,53904,15816,11544
-80,10,78816,53744,52696,52644,53008,15716,11452
-80,10,78336,53320,52164,52060,52216,15624,11356
-80,10,79520,53320,52212,52060,52264,15620,11356
-80,10,78228,53328,52160,52060,52160,15624,11360
-80,10,78280,53268,52016,53208,51768,15580,11316
-80,10,78496,53432,52220,52008,52008,15620,11356
-80,10,80096,53624,52360,52156,52256,15616,11356
-80,10,80016,53492,52172,51968,51860,15624,11356
-80,10,78552,54780,52032,51624,51424,15624,11312
-80,10,78992,53764,52288,51872,51672,15624,11360
-80,10,79848,54236,52764,52452,52396,15720,11452
-80,10,80592,54664,53284,53084,53284,15816,11500
-80,10,81332,55180,53820,53716,54180,15956,11592
-80,10,82540,55740,54496,54496,55424,16048,11732
-80,10,83232,56112,54884,55084,56224,16184,11772
-80,10,83352,56184,55056,55256,56556,16212,12476
-80,10,82964,56072,54940,55040,56436,16144,11780
-80,10,83156,56212,55032,55232,56688,16236,11832
-80,10,83508,56352,55224,55424,56984,16232,11868
-80,10,83560,56452,55224,55424,57040,16232,11876
-80,10,83348,56304,55124,55424,56992,16232,11872
-80,10,82948,56060,54936,55236,56752,16236,11832
-80,15,86648,58512,55612,55412,55824,16368,11820
-80,15,86388,58520,55620,55420,55824,16332,11876
-80,15,86560,58524,55624,55416,55624,16328,11828
-80,15,87920,59184,56400,56300,56816,16472,11968
-80,15,89028,59812,56932,56932,57964,16564,12060
-80,15,90084,60220,57476,57724,59220,16664,12160
-80,15,90612,60636,57948,58308,60104,16800,12252
-80,15,90088,60548,57852,58160,59908,16752,12200
-80,15,90160,60452,57652,57956,59500,16748,12196
-80,15,90236,61932,57656,57956,59400,16748,12196
-80,15,88196,59568,58096,56876,57884,16560,12060
-80,15,86876,59012,56152,57424,56756,16420,11968
-80,15,88172,59656,56828,56828,57860,16516,12060
-80,15,91000,60216,57512,57612,59056,16652,12148
-80,15,89044,59936,57124,57424,58456,16660,12108
-80,15,88440,59544,56724,56828,58016,16560,12052
-80,15,87788,59488,56788,56988,58424,16616,12060
-80,15,87960,59440,56736,56840,58284,16572,12060
-80,15,89120,59248,56436,56536,57724,16512,12008
-80,15,86928,58996,56348,56496,57632,16472,12008
-80,15,86452,58852,56244,56444,57580,16464,12012
-80,15,85236,58328,55768,55868,56696,16332,11876
-80,15,84096,57736,55272,55372,55992,16236,11824
-80,15,83072,57308,54840,54840,55408,16140,11736
-80,15,82592,56816,54452,54452,54760,16048,11684
-80,15,82344,56792,54256,54156,54360,16052,11640
-80,15,82196,56696,54304,55640,54404,16040,11636
-80,15,82440,56884,54360,54256,54460,16048,11640
-80,15,82172,56888,54356,54248,54460,16048,11644
-80,15,82340,57056,54640,54640,55052,16088,11684
-80,20,98284,63280,60720,61628,65024,17316,12616
-80,20,97824,63688,60780,61940,65848,17268,12672
-80,20,97388,63352,60436,61444,64936,17224,12580
-80,20,98248,64072,61268,62424,66760,17316,12712
-80,20,97996,63876,61168,62276,66408,17312,12672
-80,20,98448,64224,61316,62672,66912,17316,12716
-80,20,98216,64268,61460,62716,67104,17364,12712
-80,20,98664,64216,61408,62672,66964,17360,12720
-80,20,99136,64320,61404,62516,67056,17404,12712
-80,20,100576,64024,61064,62268,66396,17360,12712
-80,20,97252,63316,60292,61040,64528,17172,12572
-80,20,97072,63016,59996,60752,63912,17176,12520
-80,20,98496,63648,60528,61384,65288,17264,12620
-80,20,98152,63408,60384,61192,64732,17220,12628
-80,20,96736,62788,59612,60316,63524,17128,12480
-80,20,96048,64028,59608,60412,63812,17080,12484
-80,20,96208,62756,59944,60900,66336,17168,12576
-80,20,95556,62660,59848,60904,64612,17180,12528
-80,20,94524,62172,61040,60632,64232,17080,12520
-80,20,93308,61816,59368,60276,63976,16980,12432
-80,20,93564,61864,59408,60524,64128,16988,12436
-80,20,93432,61776,59264,60172,63560,16988,12388
-80,20,93316,61588,58828,59832,62852,16944,12336
-80,20,93328,61492,58776,59684,62704,16892,12340
-80,20,93584,61696,58980,59788,62908,16944,12388
-80,20,94268,61944,59024,59832,63052,16988,12388
-80,20,93464,61688,58876,59680,62900,16988,12380
-80,20,92900,61392,58676,59532,62708,16936,12336
-80,20,94216,62076,59360,60268,63976,17032,12488
-80,20,94900,62328,61092,60632,64488,17080,12524
-80,25,98584,64320,61412,62716,67588,17364,12708
-80,25,100272,64172,61264,62620,67332,17312,12708
-80,25,99060,64364,61460,62920,67736,17364,12716
-80,25,99788,64660,61756,63168,68144,17412,12764
-80,25,100912,65088,62136,63652,68784,17504,12804
-80,25,101496,65140,62236,63696,68940,17496,12856
-80,25,101888,65200,62288,65256,68896,17500,12848
-80,25,101472,65052,62040,63404,68428,17500,12856
-80,25,101208,64996,62044,63404,68484,17456,12804
-80,25,102160,65540,62532,63992,69488,17556,12856
-80,25,102652,65828,62924,64536,70464,17604,12948
-80,25,102764,65732,64440,64540,70524,17644,12948
-80,25,102080,65476,62628,64236,70008,17596,12896
-80,25,101684,65340,62436,63996,69824,17556,12904
-80,25,101764,65380,62580,64140,70064,17596,12904
-80,25,101456,65272,62532,64088,69864,17548,12896
-80,25,101192,65176,62380,64044,69816,17592,12900
-80,25,100356,64884,62244,63904,69676,17504,12856
-80,25,101144,64484,61896,63560,69336,17452,12852
-80,25,99012,64344,61748,63312,68872,17408,12808
-80,25,99808,63892,61308,62860,68112,17404,12752
-80,25,96832,63328,60732,62144,67016,17224,12624
-80,25,96952,63332,60628,61836,66492,17268,12620
-80,25,97992,63440,60628,61736,65756,17216,12616
-80,25,98940,63832,60612,61620,65680,18080,12572
-80,25,98588,63752,60632,61640,65812,17172,12620
-80,25,99524,64320,61416,62672,69116,17364,12712
-80,25,100212,64992,62192,63652,68996,17452,12808
-80,25,100100,65328,62528,64192,70068,17496,12852
-80,25,100764,65516,62820,64488,70684,17596,12900
-80,30,107300,67748,65884,68780,81372,18344,13552
-80,30,107340,67692,65928,69028,81840,18296,13596
-80,30,106904,67692,65984,69240,82048,18344,13596
-80,30,106348,67452,65736,68892,81444,18256,13556
-80,30,104632,66920,65156,68364,80592,18160,13464
-80,30,103584,66612,64960,68064,80240,18108,13408
-80,30,104260,66816,65156,68260,80540,18160,13412
-80,30,104196,66808,65192,68408,80584,18148,13456
-80,30,103848,66576,66776,68220,80344,18152,13416
-80,30,103592,66620,64952,67956,79924,18108,13408
-80,30,103548,66572,64904,67908,79608,18104,13364
-80,30,103876,66620,64908,67912,79456,18064,13364
-80,30,104776,66972,65056,67952,79440,18112,13412
-80,30,105244,67160,65196,68088,79576,18156,13412
-80,30,105500,67364,65400,68284,79784,18208,13464
-80,30,105740,67508,65444,68536,80032,18204,13456
-80,30,106216,67696,65780,68724,82272,18248,13456
-80,30,106748,67892,66036,69236,81472,18252,13556
-80,30,106384,67840,65928,69080,81100,18248,13548
-80,30,105776,67556,65692,68792,80492,18204,13508
-80,30,105468,67456,65692,68692,80184,18204,13464
-80,30,105272,67460,65596,68492,79876,18156,13460
-80,30,105032,67212,65348,68244,79208,18108,13416
-80,30,107580,67360,65296,67984,78948,18152,13412
-80,30,105772,67268,65156,67836,78112,18112,13364
-80,30,105396,67024,64908,69240,77412,18060,13324
-80,30,105176,67076,64864,67336,77088,18012,13320
-80,30,106340,67372,65108,67576,77172,18064,13316
-80,30,107868,67768,65160,69116,76652,18064,13364
-80,30,108424,67952,65012,67124,75752,18064,13324
